FPOGX,FPOGY,FPOGV,CX,CY
0,0,0,0,0
0.0,0.0,0.0,0.60312,0.60278
0.0,0.0,0.0,0.625,0.62593
0.0,0.0,0.0,0.625,0.62593
0.0,0.0,0.0,0.625,0.62593
0.0,0.0,0.0,0.63177,0.63333
0.0,0.0,0.0,0.63177,0.63333
0.0,0.0,0.0,0.63646,0.63889
0.0,0.0,0.0,0.63646,0.63889
0.0,0.0,0.0,0.63906,0.64352
0.0,0.0,0.0,0.63906,0.64352
0.0,0.0,0.0,0.64479,0.65185
0.0,0.0,0.0,0.64479,0.65185
0.0,0.0,0.0,0.66198,0.66574
0.0,0.0,0.0,0.66198,0.66574
0.0,0.0,0.0,0.66198,0.66574
0.0,0.0,0.0,0.69948,0.68889
0.0,0.0,0.0,0.69948,0.68889
0.0,0.0,0.0,0.72969,0.70741
0.0,0.0,0.0,0.72969,0.70741
0.0,0.0,0.0,0.72969,0.70741
0.0,0.0,0.0,0.75208,0.71944
0.0,0.0,0.0,0.75208,0.71944
0.0,0.0,0.0,0.75625,0.7213
0.0,0.0,0.0,0.75625,0.7213
0.0,0.0,0.0,0.75625,0.72222
0.0,0.0,0.0,0.75625,0.72222
0.0,0.0,0.0,0.75677,0.72222
0.0,0.0,0.0,0.75677,0.72222
0.0,0.0,0.0,0.75729,0.72315
0.0,0.0,0.0,0.75729,0.72315
0.0,0.0,0.0,0.75729,0.72315
0.0,0.0,0.0,0.75729,0.72315
0.0,0.0,0.0,0.75729,0.72315
0.0,0.0,0.0,0.75729,0.72315
0.0,0.0,0.0,0.75729,0.72315
0.0,0.0,0.0,0.75729,0.72315
0.0,0.0,0.0,0.75729,0.72315
0.0,0.0,0.0,0.75729,0.72315
0.0,0.0,0.0,0.75729,0.72315
0.0,0.0,0.0,0.75729,0.72315
0.0,0.0,0.0,0.75729,0.72315
0.0,0.0,0.0,0.75729,0.72315
0.0,0.0,0.0,0.75729,0.72315
0.0,0.0,0.0,0.75729,0.72315
0.0,0.0,0.0,0.75729,0.72315
0.0,0.0,0.0,0.75729,0.72315
0.0,0.0,0.0,0.75729,0.72315
0.0,0.0,0.0,0.75729,0.72315
0.0,0.0,0.0,0.75729,0.72315
0.0,0.0,0.0,0.75729,0.72315
0.0,0.0,0.0,0.75729,0.72315
0.0,0.0,0.0,0.75729,0.72315
0.0,0.0,0.0,0.75729,0.72315
0.0,0.0,0.0,0.75729,0.72315
0.0,0.0,0.0,0.75729,0.72315
0.0,0.0,0.0,0.75729,0.72315
0.0,0.0,0.0,0.75729,0.72315
0.0,0.0,0.0,0.75729,0.72315
0.0,0.0,0.0,0.75729,0.72315
0.0,0.0,0.0,0.75729,0.72315
0.0,0.0,0.0,0.75729,0.72315
0.0,0.0,0.0,0.75729,0.72315
0.0,0.0,0.0,0.75729,0.72315
0.0,0.0,0.0,0.75729,0.72315
0.0,0.0,0.0,0.75729,0.72315
0.0,0.0,0.0,0.75729,0.72315
0.0,0.0,0.0,0.75729,0.72315
0.0,0.0,0.0,0.75729,0.72315
0.0,0.0,0.0,0.75729,0.72315
0.0,0.0,0.0,0.75729,0.72315
0.0,0.0,0.0,0.75729,0.72315
0.0,0.0,0.0,0.75729,0.72315
0.0,0.0,0.0,0.75729,0.72315
0.0,0.0,0.0,0.75729,0.72315
0.0,0.0,0.0,0.75729,0.72315
0.0,0.0,0.0,0.75729,0.72315
0.0,0.0,0.0,0.75729,0.72315
0.0,0.0,0.0,0.75729,0.72315
0.0,0.0,0.0,0.75729,0.72315
0.0,0.0,0.0,0.75729,0.72315
0.0,0.0,0.0,0.75729,0.72315
0.0,0.0,0.0,0.75729,0.72315
0.0,0.0,0.0,0.75729,0.72315
0.0,0.0,0.0,0.75729,0.72315
0.0,0.0,0.0,0.75729,0.72315
0.0,0.0,0.0,0.75729,0.72315
0.0,0.0,0.0,0.75729,0.72315
0.0,0.0,0.0,0.75729,0.72315
0.0,0.0,0.0,0.75729,0.72315
0.0,0.0,0.0,0.75729,0.72315
0.0,0.0,0.0,0.75729,0.72315
0.0,0.0,0.0,0.75729,0.72315
0.0,0.0,0.0,0.75729,0.72315
0.0,0.0,0.0,0.75729,0.72315
0.0,0.0,0.0,0.75729,0.72315
0.0,0.0,0.0,0.75729,0.72315
0.0,0.0,0.0,0.75729,0.72315
0.0,0.0,0.0,0.75729,0.72315
0.0,0.0,0.0,0.75729,0.72315
0.0,0.0,0.0,0.75729,0.72315
0.0,0.0,0.0,0.75729,0.72315
0.0,0.0,0.0,0.75729,0.72315
0.0,0.0,0.0,0.75729,0.72315
0.0,0.0,0.0,0.75729,0.72315
0.0,0.0,0.0,0.75729,0.72315
0.0,0.0,0.0,0.75729,0.72315
0.0,0.0,0.0,0.75729,0.72315
0.0,0.0,0.0,0.75729,0.72315
0.0,0.0,0.0,0.75729,0.72315
0.0,0.0,0.0,0.75729,0.72315
0.0,0.0,0.0,0.75729,0.72315
0.0,0.0,0.0,0.75729,0.72315
0.0,0.0,0.0,0.75729,0.72315
0.0,0.0,0.0,0.75729,0.72315
0.0,0.0,0.0,0.75729,0.72315
0.0,0.0,0.0,0.75729,0.72315
0.0,0.0,0.0,0.75729,0.72315
0.0,0.0,0.0,0.75729,0.72315
0.0,0.0,0.0,0.75729,0.72315
0.0,0.0,0.0,0.75729,0.72315
0.0,0.0,0.0,0.75729,0.72315
0.0,0.0,0.0,0.75729,0.72315
0.0,0.0,0.0,0.75729,0.72315
0.0,0.0,0.0,0.75729,0.72315
0.0,0.0,0.0,0.75729,0.72315
0.0,0.0,0.0,0.75729,0.72315
0.0,0.0,0.0,0.75729,0.72315
0.0,0.0,0.0,0.75729,0.72315
0.0,0.0,0.0,0.75729,0.72315
0.0,0.0,0.0,0.75729,0.72315
0.0,0.0,0.0,0.75729,0.72315
0.0,0.0,0.0,0.75729,0.72315
0.0,0.0,0.0,0.75729,0.72315
0.0,0.0,0.0,0.75729,0.72315
0.0,0.0,0.0,0.75729,0.72315
0.0,0.0,0.0,0.75729,0.72315
0.0,0.0,0.0,0.75729,0.72315
0.0,0.0,0.0,0.75729,0.72315
0.0,0.0,0.0,0.75729,0.72315
0.0,0.0,0.0,0.75729,0.72315
0.0,0.0,0.0,0.75729,0.72315
0.0,0.0,0.0,0.75729,0.72315
0.0,0.0,0.0,0.75729,0.72315
0.0,0.0,0.0,0.75729,0.72315
0.0,0.0,0.0,0.75729,0.72315
0.0,0.0,0.0,0.75729,0.72315
0.0,0.0,0.0,0.75729,0.72315
0.0,0.0,0.0,0.75729,0.72315
0.0,0.0,0.0,0.75729,0.72315
0.0,0.0,0.0,0.75729,0.72315
0.0,0.0,0.0,0.75729,0.72315
0.0,0.0,0.0,0.75729,0.72315
0.0,0.0,0.0,0.75729,0.72315
0.0,0.0,0.0,0.75729,0.72315
0.0,0.0,0.0,0.75729,0.72315
0.0,0.0,0.0,0.75729,0.72315
0.0,0.0,0.0,0.75729,0.72315
0.0,0.0,0.0,0.75729,0.72315
0.0,0.0,0.0,0.75729,0.72315
0.0,0.0,0.0,0.75729,0.72315
0.0,0.0,0.0,0.75729,0.72315
0.0,0.0,0.0,0.75729,0.72315
0.0,0.0,0.0,0.75729,0.72315
0.0,0.0,0.0,0.75729,0.72315
0.0,0.0,0.0,0.75729,0.72315
0.0,0.0,0.0,0.75729,0.72315
0.0,0.0,0.0,0.75729,0.72315
0.0,0.0,0.0,0.75729,0.72315
0.0,0.0,0.0,0.75729,0.72315
0.0,0.0,0.0,0.75729,0.72315
0.0,0.0,0.0,0.75729,0.72315
0.0,0.0,0.0,0.75729,0.72315
0.0,0.0,0.0,0.75729,0.72315
0.0,0.0,0.0,0.75729,0.72315
0.0,0.0,0.0,0.75729,0.72315
0.0,0.0,0.0,0.75729,0.72315
0.0,0.0,0.0,0.75729,0.72315
0.0,0.0,0.0,0.75729,0.72315
0.0,0.0,0.0,0.75729,0.72315
0.0,0.0,0.0,0.75729,0.72315
0.0,0.0,0.0,0.75729,0.72315
0.0,0.0,0.0,0.75729,0.72315
0.0,0.0,0.0,0.75729,0.72315
0.0,0.0,0.0,0.75729,0.72315
0.0,0.0,0.0,0.75729,0.72315
0.0,0.0,0.0,0.75729,0.72315
0.0,0.0,0.0,0.75729,0.72315
0.0,0.0,0.0,0.75729,0.72315
0.0,0.0,0.0,0.75729,0.72315
0.0,0.0,0.0,0.75729,0.72315
0.0,0.0,0.0,0.75729,0.72315
0.0,0.0,0.0,0.75729,0.72315
0.0,0.0,0.0,0.75729,0.72315
0.0,0.0,0.0,0.75729,0.72315
0.0,0.0,0.0,0.75729,0.72315
0.0,0.0,0.0,0.75729,0.72315
0.0,0.0,0.0,0.75729,0.72315
0.0,0.0,0.0,0.75729,0.72315
0.0,0.0,0.0,0.75729,0.72315
0.0,0.0,0.0,0.75729,0.72315
0.0,0.0,0.0,0.75729,0.72315
0.0,0.0,0.0,0.75729,0.72315
0.0,0.0,0.0,0.75729,0.72315
0.0,0.0,0.0,0.75729,0.72315
0.0,0.0,0.0,0.75729,0.72315
0.0,0.0,0.0,0.75729,0.72315
0.0,0.0,0.0,0.75729,0.72315
0.0,0.0,0.0,0.75729,0.72315
0.0,0.0,0.0,0.75729,0.72315
0.0,0.0,0.0,0.75729,0.72315
0.0,0.0,0.0,0.75729,0.72315
0.0,0.0,0.0,0.75729,0.72315
0.0,0.0,0.0,0.75729,0.72315
0.0,0.0,0.0,0.75729,0.72315
0.0,0.0,0.0,0.75729,0.72315
0.0,0.0,0.0,0.75729,0.72315
0.0,0.0,0.0,0.75729,0.72315
0.0,0.0,0.0,0.75729,0.72315
0.0,0.0,0.0,0.75729,0.72315
0.0,0.0,0.0,0.75729,0.72315
0.0,0.0,0.0,0.75729,0.72315
0.0,0.0,0.0,0.75729,0.72315
0.0,0.0,0.0,0.75729,0.72315
0.0,0.0,0.0,0.75729,0.72315
0.0,0.0,0.0,0.75729,0.72315
0.0,0.0,0.0,0.75729,0.72315
0.0,0.0,0.0,0.75729,0.72315
0.0,0.0,0.0,0.75729,0.72315
0.0,0.0,0.0,0.75729,0.72315
0.0,0.0,0.0,0.75729,0.72315
0.0,0.0,0.0,0.75729,0.72315
0.0,0.0,0.0,0.75729,0.72315
0.0,0.0,0.0,0.75729,0.72315
0.0,0.0,0.0,0.75729,0.72315
0.0,0.0,0.0,0.75729,0.72315
0.0,0.0,0.0,0.75729,0.72315
0.0,0.0,0.0,0.75729,0.72315
0.0,0.0,0.0,0.75729,0.72315
0.0,0.0,0.0,0.75729,0.72315
0.0,0.0,0.0,0.75729,0.72315
0.0,0.0,0.0,0.75729,0.72315
0.0,0.0,0.0,0.75729,0.72315
0.0,0.0,0.0,0.75729,0.72315
0.0,0.0,0.0,0.75729,0.72315
0.0,0.0,0.0,0.75729,0.72315
0.0,0.0,0.0,0.75729,0.72315
0.0,0.0,0.0,0.75729,0.72315
0.0,0.0,0.0,0.75729,0.72315
0.0,0.0,0.0,0.75729,0.72315
0.0,0.0,0.0,0.75729,0.72315
0.0,0.0,0.0,0.75729,0.72315
0.0,0.0,0.0,0.75729,0.72315
0.0,0.0,0.0,0.75729,0.72315
0.0,0.0,0.0,0.75729,0.72315
0.0,0.0,0.0,0.75729,0.72315
0.0,0.0,0.0,0.75729,0.72315
0.0,0.0,0.0,0.75729,0.72315
0.0,0.0,0.0,0.75729,0.72315
0.0,0.0,0.0,0.75729,0.72315
0.0,0.0,0.0,0.75729,0.72315
0.0,0.0,0.0,0.75729,0.72315
0.0,0.0,0.0,0.75729,0.72315
0.0,0.0,0.0,0.75729,0.72315
0.0,0.0,0.0,0.75729,0.72315
0.0,0.0,0.0,0.75729,0.72315
0.0,0.0,0.0,0.75729,0.72315
0.0,0.0,0.0,0.75729,0.72315
0.0,0.0,0.0,0.75729,0.72315
0.0,0.0,0.0,0.75729,0.72315
0.0,0.0,0.0,0.75729,0.72315
0.0,0.0,0.0,0.75729,0.72315
0.0,0.0,0.0,0.75729,0.72315
0.0,0.0,0.0,0.75729,0.72315
0.0,0.0,0.0,0.75729,0.72315
0.0,0.0,0.0,0.75729,0.72315
0.0,0.0,0.0,0.75729,0.72315
0.0,0.0,0.0,0.75729,0.72315
0.0,0.0,0.0,0.75729,0.72315
0.0,0.0,0.0,0.75729,0.72315
0.0,0.0,0.0,0.75729,0.72315
0.0,0.0,0.0,0.75729,0.72315
0.0,0.0,0.0,0.75729,0.72315
0.0,0.0,0.0,0.75729,0.72315
0.0,0.0,0.0,0.75729,0.72315
0.0,0.0,0.0,0.75729,0.72315
0.0,0.0,0.0,0.75729,0.72315
0.0,0.0,0.0,0.75729,0.72315
0.0,0.0,0.0,0.75729,0.72315
0.0,0.0,0.0,0.75729,0.72315
0.0,0.0,0.0,0.75729,0.72315
0.0,0.0,0.0,0.75729,0.72315
0.0,0.0,0.0,0.75729,0.72315
0.0,0.0,0.0,0.75729,0.72315
0.0,0.0,0.0,0.75729,0.72315
0.0,0.0,0.0,0.75729,0.72315
0.0,0.0,0.0,0.75729,0.72315
0.0,0.0,0.0,0.75729,0.72315
0.0,0.0,0.0,0.75729,0.72315
0.0,0.0,0.0,0.75729,0.72315
0.0,0.0,0.0,0.75729,0.72315
0.0,0.0,0.0,0.75729,0.72315
0.0,0.0,0.0,0.75729,0.72315
0.0,0.0,0.0,0.75729,0.72315
0.0,0.0,0.0,0.75729,0.72315
0.0,0.0,0.0,0.75729,0.72315
0.0,0.0,0.0,0.75729,0.72315
0.0,0.0,0.0,0.75729,0.72315
0.0,0.0,0.0,0.75729,0.72315
0.0,0.0,0.0,0.75729,0.72315
0.0,0.0,0.0,0.75729,0.72315
0.0,0.0,0.0,0.75729,0.72315
0.0,0.0,0.0,0.75729,0.72315
0.0,0.0,0.0,0.75729,0.72315
0.0,0.0,0.0,0.75729,0.72315
0.0,0.0,0.0,0.75729,0.72315
0.0,0.0,0.0,0.75729,0.72315
0.0,0.0,0.0,0.75729,0.72315
0.0,0.0,0.0,0.75729,0.72315
0.0,0.0,0.0,0.75729,0.72315
0.0,0.0,0.0,0.75729,0.72315
0.0,0.0,0.0,0.75729,0.72315
0.0,0.0,0.0,0.75729,0.72315
0.0,0.0,0.0,0.75729,0.72315
0.0,0.0,0.0,0.75729,0.72315
0.0,0.0,0.0,0.75729,0.72315
0.0,0.0,0.0,0.75729,0.72315
0.0,0.0,0.0,0.75729,0.72315
0.0,0.0,0.0,0.75729,0.72315
0.0,0.0,0.0,0.75729,0.72315
0.0,0.0,0.0,0.75729,0.72315
0.0,0.0,0.0,0.75729,0.72315
0.0,0.0,0.0,0.75729,0.72315
0.0,0.0,0.0,0.75729,0.72315
0.0,0.0,0.0,0.75729,0.72315
0.0,0.0,0.0,0.75729,0.72315
0.0,0.0,0.0,0.75729,0.72315
0.0,0.0,0.0,0.75729,0.72315
0.0,0.0,0.0,0.75729,0.72315
0.0,0.0,0.0,0.75729,0.72315
0.0,0.0,0.0,0.75729,0.72315
0.0,0.0,0.0,0.75729,0.72315
0.0,0.0,0.0,0.75729,0.72315
0.0,0.0,0.0,0.75729,0.72315
0.0,0.0,0.0,0.75729,0.72315
0.0,0.0,0.0,0.75729,0.72315
0.0,0.0,0.0,0.75729,0.72315
0.0,0.0,0.0,0.75729,0.72315
0.0,0.0,0.0,0.75729,0.72315
0.0,0.0,0.0,0.75729,0.72315
0.0,0.0,0.0,0.75729,0.72315
0.0,0.0,0.0,0.75729,0.72315
0.0,0.0,0.0,0.75729,0.72315
0.0,0.0,0.0,0.75729,0.72315
0.0,0.0,0.0,0.75729,0.72315
0.0,0.0,0.0,0.75729,0.72315
0.0,0.0,0.0,0.75729,0.72315
0.0,0.0,0.0,0.75729,0.72315
0.0,0.0,0.0,0.75729,0.72315
0.0,0.0,0.0,0.75729,0.72315
0.0,0.0,0.0,0.75729,0.72315
0.0,0.0,0.0,0.75729,0.72315
0.0,0.0,0.0,0.75729,0.72315
0.0,0.0,0.0,0.75729,0.72315
0.0,0.0,0.0,0.75729,0.72315
0.0,0.0,0.0,0.75729,0.72315
0.0,0.0,0.0,0.75729,0.72315
0.0,0.0,0.0,0.75729,0.72315
0.0,0.0,0.0,0.75729,0.72315
0.0,0.0,0.0,0.75729,0.72315
0.0,0.0,0.0,0.75729,0.72315
0.0,0.0,0.0,0.75729,0.72315
0.0,0.0,0.0,0.75729,0.72315
0.0,0.0,0.0,0.75729,0.72315
0.0,0.0,0.0,0.75729,0.72315
0.0,0.0,0.0,0.75729,0.72315
0.0,0.0,0.0,0.75729,0.72315
0.0,0.0,0.0,0.75729,0.72315
0.0,0.0,0.0,0.75729,0.72315
0.0,0.0,0.0,0.75729,0.72315
0.0,0.0,0.0,0.75729,0.72315
0.0,0.0,0.0,0.75729,0.72315
0.0,0.0,0.0,0.75729,0.72315
0.0,0.0,0.0,0.75729,0.72315
0.0,0.0,0.0,0.75729,0.72315
0.0,0.0,0.0,0.75729,0.72315
0.0,0.0,0.0,0.75729,0.72315
0.0,0.0,0.0,0.75729,0.72315
0.0,0.0,0.0,0.75729,0.72315
0.0,0.0,0.0,0.75729,0.72315
0.0,0.0,0.0,0.75729,0.72315
0.0,0.0,0.0,0.75729,0.72315
0.0,0.0,0.0,0.75729,0.72315
0.0,0.0,0.0,0.75729,0.72315
0.0,0.0,0.0,0.75729,0.72315
0.0,0.0,0.0,0.75729,0.72315
0.0,0.0,0.0,0.75729,0.72315
0.0,0.0,0.0,0.75729,0.72315
0.0,0.0,0.0,0.75729,0.72315
0.0,0.0,0.0,0.75729,0.72315
0.0,0.0,0.0,0.75729,0.72315
0.0,0.0,0.0,0.75729,0.72315
0.0,0.0,0.0,0.75729,0.72315
0.0,0.0,0.0,0.75885,0.72407
0.0,0.0,0.0,0.75885,0.72407
0.0,0.0,0.0,0.76354,0.7287
0.0,0.0,0.0,0.76354,0.7287
0.0,0.0,0.0,0.76719,0.73056
0.0,0.0,0.0,0.76719,0.73056
0.0,0.0,0.0,0.76719,0.73056
0.0,0.0,0.0,0.76146,0.73056
0.0,0.0,0.0,0.76146,0.73056
0.0,0.0,0.0,0.74844,0.73333
0.0,0.0,0.0,0.74844,0.73333
0.0,0.0,0.0,0.72865,0.74352
0.0,0.0,0.0,0.72865,0.74352
0.0,0.0,0.0,0.7026,0.75093
0.0,0.0,0.0,0.7026,0.75093
0.0,0.0,0.0,0.63385,0.74815
0.0,0.0,0.0,0.63385,0.74815
0.0,0.0,0.0,0.63385,0.74815
0.0,0.0,0.0,0.55677,0.73241
0.0,0.0,0.0,0.55677,0.73241
0.0,0.0,0.0,0.55677,0.73241
0.0,0.0,0.0,0.4875,0.70463
0.0,0.0,0.0,0.4875,0.70463
0.0,0.0,0.0,0.47344,0.69722
0.0,0.0,0.0,0.47344,0.69722
0.0,0.0,0.0,0.47344,0.69722
0.0,0.0,0.0,0.44948,0.68796
0.0,0.0,0.0,0.44948,0.68796
0.0,0.0,0.0,0.40833,0.66019
0.0,0.0,0.0,0.36719,0.62685
0.0,0.0,0.0,0.36719,0.62685
0.0,0.0,0.0,0.32344,0.59074
0.0,0.0,0.0,0.32344,0.59074
0.0,0.0,0.0,0.32344,0.59074
0.0,0.0,0.0,0.32344,0.59074
0.0,0.0,0.0,0.26823,0.52685
0.0,0.0,0.0,0.26823,0.52685
0.0,0.0,0.0,0.24115,0.48796
0.0,0.0,0.0,0.24115,0.48796
0.0,0.0,0.0,0.21354,0.45185
0.0,0.0,0.0,0.21354,0.45185
0.0,0.0,0.0,0.21354,0.45185
0.0,0.0,0.0,0.18438,0.41296
0.0,0.0,0.0,0.18438,0.41296
0.0,0.0,0.0,0.17031,0.39444
0.0,0.0,0.0,0.15677,0.38148
0.0,0.0,0.0,0.15677,0.38148
0.0,0.0,0.0,0.15677,0.38148
0.0,0.0,0.0,0.14479,0.3713
0.0,0.0,0.0,0.14479,0.3713
0.0,0.0,0.0,0.1401,0.3713
0.0,0.0,0.0,0.1401,0.3713
0.0,0.0,0.0,0.1401,0.3713
0.0,0.0,0.0,0.13229,0.375
0.0,0.0,0.0,0.13229,0.375
0.0,0.0,0.0,0.12188,0.38426
0.0,0.0,0.0,0.12188,0.38426
0.0,0.0,0.0,0.10938,0.39815
0.0,0.0,0.0,0.10938,0.39815
0.0,0.0,0.0,0.09063,0.42222
0.0,0.0,0.0,0.09063,0.42222
0.0,0.0,0.0,0.07656,0.44167
0.0,0.0,0.0,0.07656,0.44167
0.0,0.0,0.0,0.07656,0.44167
0.0,0.0,0.0,0.06927,0.44907
0.0,0.0,0.0,0.06927,0.44907
0.0,0.0,0.0,0.06458,0.45463
0.0,0.0,0.0,0.06458,0.45463
0.0,0.0,0.0,0.05729,0.46481
0.0,0.0,0.0,0.05729,0.46481
0.0,0.0,0.0,0.05313,0.4713
0.0,0.0,0.0,0.05313,0.4713
0.0,0.0,0.0,0.05313,0.4713
0.0,0.0,0.0,0.04583,0.48519
0.0,0.0,0.0,0.04583,0.48519
0.0,0.0,0.0,0.03958,0.50185
0.0,0.0,0.0,0.03958,0.50185
0.0,0.0,0.0,0.03542,0.51852
0.0,0.0,0.0,0.03542,0.51852
0.0,0.0,0.0,0.03125,0.54167
0.0,0.0,0.0,0.03125,0.54167
0.0,0.0,0.0,0.03125,0.54167
0.0,0.0,0.0,0.02812,0.56389
0.0,0.0,0.0,0.02812,0.56389
0.0,0.0,0.0,0.02552,0.58426
0.0,0.0,0.0,0.02552,0.58426
0.0,0.0,0.0,0.02448,0.59722
0.0,0.0,0.0,0.02448,0.59722
0.0,0.0,0.0,0.02448,0.60648
0.0,0.0,0.0,0.02448,0.60648
0.0,0.0,0.0,0.02344,0.61389
0.0,0.0,0.0,0.02344,0.61389
0.0,0.0,0.0,0.02344,0.61389
0.0,0.0,0.0,0.02292,0.62407
0.0,0.0,0.0,0.02292,0.62407
0.0,0.0,0.0,0.02135,0.63981
0.0,0.0,0.0,0.02135,0.63981
0.0,0.0,0.0,0.02083,0.64815
0.0,0.0,0.0,0.02083,0.64815
0.0,0.0,0.0,0.01927,0.65833
0.0,0.0,0.0,0.01927,0.65833
0.0,0.0,0.0,0.01927,0.65833
0.0,0.0,0.0,0.01823,0.6713
0.0,0.0,0.0,0.01823,0.6713
0.0,0.0,0.0,0.01771,0.67963
0.0,0.0,0.0,0.01771,0.67963
0.0,0.0,0.0,0.01771,0.68704
0.0,0.0,0.0,0.01771,0.68704
0.0,0.0,0.0,0.01771,0.68704
0.0,0.0,0.0,0.01719,0.69815
0.0,0.0,0.0,0.01719,0.70648
0.0,0.0,0.0,0.01719,0.70648
0.0,0.0,0.0,0.01719,0.70648
0.0,0.0,0.0,0.01719,0.71852
0.0,0.0,0.0,0.01719,0.71852
0.0,0.0,0.0,0.01719,0.73241
0.0,0.0,0.0,0.01719,0.73241
0.0,0.0,0.0,0.01719,0.74167
0.0,0.0,0.0,0.01719,0.74167
0.0,0.0,0.0,0.01719,0.7537
0.0,0.0,0.0,0.01719,0.7537
0.0,0.0,0.0,0.01719,0.7537
0.0,0.0,0.0,0.01771,0.76204
0.0,0.0,0.0,0.01771,0.76204
0.0,0.0,0.0,0.01823,0.76852
0.0,0.0,0.0,0.01823,0.76852
0.0,0.0,0.0,0.01979,0.77407
0.0,0.0,0.0,0.01979,0.77407
0.0,0.0,0.0,0.01979,0.77407
0.0,0.0,0.0,0.02031,0.77963
0.0,0.0,0.0,0.02031,0.77963
0.0,0.0,0.0,0.02083,0.78333
0.0,0.0,0.0,0.02083,0.78333
0.0,0.0,0.0,0.02083,0.78889
0.0,0.0,0.0,0.02083,0.78889
0.0,0.0,0.0,0.02187,0.7963
0.0,0.0,0.0,0.02187,0.7963
0.0,0.0,0.0,0.0224,0.8
0.0,0.0,0.0,0.0224,0.8
0.0,0.0,0.0,0.02292,0.8037
0.0,0.0,0.0,0.02292,0.8037
0.0,0.0,0.0,0.02292,0.8037
0.0,0.0,0.0,0.02344,0.81019
0.0,0.0,0.0,0.02344,0.81019
0.0,0.0,0.0,0.02396,0.81389
0.0,0.0,0.0,0.02396,0.81389
0.0,0.0,0.0,0.02396,0.81389
0.0,0.0,0.0,0.02552,0.81944
0.0,0.0,0.0,0.02552,0.81944
0.0,0.0,0.0,0.02552,0.81944
0.0,0.0,0.0,0.02604,0.82222
0.0,0.0,0.0,0.02604,0.82222
0.0,0.0,0.0,0.02708,0.82685
0.0,0.0,0.0,0.02708,0.82685
0.0,0.0,0.0,0.0276,0.82963
0.0,0.0,0.0,0.0276,0.82963
0.0,0.0,0.0,0.02865,0.83333
0.0,0.0,0.0,0.02865,0.83333
0.0,0.0,0.0,0.02865,0.83333
0.0,0.0,0.0,0.02865,0.83333
0.0,0.0,0.0,0.02969,0.83704
0.0,0.0,0.0,0.02969,0.83704
0.0,0.0,0.0,0.03073,0.83889
0.0,0.0,0.0,0.03073,0.83889
0.0,0.0,0.0,0.03177,0.84167
0.0,0.0,0.0,0.03177,0.84167
0.0,0.0,0.0,0.03177,0.84167
0.0,0.0,0.0,0.03177,0.84259
0.0,0.0,0.0,0.03177,0.84259
0.0,0.0,0.0,0.03281,0.84352
0.0,0.0,0.0,0.03281,0.84352
0.0,0.0,0.0,0.03438,0.84722
0.0,0.0,0.0,0.03438,0.84722
0.0,0.0,0.0,0.0349,0.84815
0.0,0.0,0.0,0.0349,0.84815
0.0,0.0,0.0,0.03542,0.84907
0.0,0.0,0.0,0.03542,0.84907
0.0,0.0,0.0,0.03542,0.84907
0.0,0.0,0.0,0.03698,0.85185
0.0,0.0,0.0,0.03698,0.85185
0.0,0.0,0.0,0.03854,0.85463
0.0,0.0,0.0,0.03854,0.85463
0.0,0.0,0.0,0.03906,0.85648
0.0,0.0,0.0,0.03906,0.85648
0.0,0.0,0.0,0.0401,0.85926
0.0,0.0,0.0,0.0401,0.85926
0.0,0.0,0.0,0.0401,0.85926
0.0,0.0,0.0,0.04167,0.86204
0.0,0.0,0.0,0.04167,0.86204
0.0,0.0,0.0,0.04271,0.86296
0.0,0.0,0.0,0.04271,0.86296
0.0,0.0,0.0,0.04531,0.86574
0.0,0.0,0.0,0.04531,0.86574
0.0,0.0,0.0,0.04948,0.86852
0.0,0.0,0.0,0.04948,0.86852
0.0,0.0,0.0,0.0526,0.87037
0.0,0.0,0.0,0.0526,0.87037
0.0,0.0,0.0,0.0526,0.87037
0.0,0.0,0.0,0.05625,0.87222
0.0,0.0,0.0,0.05625,0.87222
0.0,0.0,0.0,0.0625,0.87593
0.0,0.0,0.0,0.0625,0.87593
0.0,0.0,0.0,0.06458,0.87685
0.0,0.0,0.0,0.06458,0.87685
0.0,0.0,0.0,0.06771,0.87778
0.0,0.0,0.0,0.06771,0.87778
0.0,0.0,0.0,0.06771,0.87778
0.0,0.0,0.0,0.07135,0.87963
0.0,0.0,0.0,0.07135,0.87963
0.0,0.0,0.0,0.07292,0.87963
0.0,0.0,0.0,0.07292,0.87963
0.0,0.0,0.0,0.07448,0.87963
0.0,0.0,0.0,0.07448,0.87963
0.0,0.0,0.0,0.07448,0.87963
0.0,0.0,0.0,0.07604,0.87963
0.0,0.0,0.0,0.07604,0.87963
0.0,0.0,0.0,0.0776,0.88056
0.0,0.0,0.0,0.0776,0.88056
0.0,0.0,0.0,0.08021,0.88056
0.0,0.0,0.0,0.08021,0.88056
0.0,0.0,0.0,0.08281,0.88148
0.0,0.0,0.0,0.08281,0.88148
0.0,0.0,0.0,0.0849,0.88148
0.0,0.0,0.0,0.0849,0.88148
0.0,0.0,0.0,0.0875,0.88241
0.0,0.0,0.0,0.0875,0.88241
0.0,0.0,0.0,0.0875,0.88241
0.0,0.0,0.0,0.09167,0.88333
0.0,0.0,0.0,0.09167,0.88333
0.0,0.0,0.0,0.09531,0.88426
0.0,0.0,0.0,0.09531,0.88426
0.0,0.0,0.0,0.09896,0.88426
0.0,0.0,0.0,0.09896,0.88426
0.0,0.0,0.0,0.09896,0.88426
0.0,0.0,0.0,0.10729,0.88519
0.0,0.0,0.0,0.10729,0.88519
0.0,0.0,0.0,0.11406,0.88611
0.0,0.0,0.0,0.11406,0.88611
0.0,0.0,0.0,0.12448,0.88611
0.0,0.0,0.0,0.12448,0.88611
0.0,0.0,0.0,0.13802,0.88611
0.0,0.0,0.0,0.13802,0.88611
0.0,0.0,0.0,0.15156,0.88611
0.0,0.0,0.0,0.15156,0.88611
0.0,0.0,0.0,0.16667,0.88611
0.0,0.0,0.0,0.16667,0.88611
0.0,0.0,0.0,0.16667,0.88611
0.0,0.0,0.0,0.16667,0.88611
0.0,0.0,0.0,0.18281,0.88519
0.0,0.0,0.0,0.18281,0.88519
0.0,0.0,0.0,0.18906,0.88519
0.0,0.0,0.0,0.18906,0.88519
0.0,0.0,0.0,0.1974,0.88519
0.0,0.0,0.0,0.1974,0.88519
0.0,0.0,0.0,0.1974,0.88519
0.0,0.0,0.0,0.20677,0.88426
0.0,0.0,0.0,0.20677,0.88426
0.0,0.0,0.0,0.20677,0.88426
0.0,0.0,0.0,0.21979,0.88426
0.0,0.0,0.0,0.22865,0.88426
0.0,0.0,0.0,0.22865,0.88426
0.0,0.0,0.0,0.22865,0.88426
0.0,0.0,0.0,0.22865,0.88426
0.0,0.0,0.0,0.24948,0.88426
0.0,0.0,0.0,0.26094,0.88426
0.0,0.0,0.0,0.26094,0.88426
0.0,0.0,0.0,0.26094,0.88426
0.0,0.0,0.0,0.27708,0.88704
0.0,0.0,0.0,0.27708,0.88704
0.0,0.0,0.0,0.29219,0.88981
0.0,0.0,0.0,0.29219,0.88981
0.0,0.0,0.0,0.30573,0.89352
0.0,0.0,0.0,0.30573,0.89352
0.0,0.0,0.0,0.31719,0.8963
0.0,0.0,0.0,0.31719,0.8963
0.0,0.0,0.0,0.31719,0.8963
0.0,0.0,0.0,0.33542,0.89907
0.0,0.0,0.0,0.33542,0.89907
0.0,0.0,0.0,0.34688,0.9
0.0,0.0,0.0,0.34688,0.9
0.0,0.0,0.0,0.36094,0.90185
0.0,0.0,0.0,0.36094,0.90185
0.0,0.0,0.0,0.37292,0.9037
0.0,0.0,0.0,0.37292,0.9037
0.0,0.0,0.0,0.37292,0.9037
0.0,0.0,0.0,0.38073,0.90463
0.0,0.0,0.0,0.38073,0.90463
0.0,0.0,0.0,0.38698,0.90648
0.0,0.0,0.0,0.38698,0.90648
0.0,0.0,0.0,0.39219,0.90833
0.0,0.0,0.0,0.39219,0.90833
0.0,0.0,0.0,0.39635,0.90926
0.0,0.0,0.0,0.39635,0.90926
0.0,0.0,0.0,0.40104,0.91111
0.0,0.0,0.0,0.40104,0.91111
0.0,0.0,0.0,0.40104,0.91111
0.0,0.0,0.0,0.40625,0.91296
0.0,0.0,0.0,0.40625,0.91296
0.0,0.0,0.0,0.41198,0.91296
0.0,0.0,0.0,0.41198,0.91296
0.0,0.0,0.0,0.41615,0.91481
0.0,0.0,0.0,0.41615,0.91481
0.0,0.0,0.0,0.41615,0.91481
0.0,0.0,0.0,0.41771,0.91481
0.0,0.0,0.0,0.41771,0.91481
0.0,0.0,0.0,0.42031,0.91481
0.0,0.0,0.0,0.42031,0.91481
0.0,0.0,0.0,0.42188,0.91481
0.0,0.0,0.0,0.42188,0.91481
0.0,0.0,0.0,0.4224,0.91481
0.0,0.0,0.0,0.4224,0.91481
0.0,0.0,0.0,0.42344,0.91481
0.0,0.0,0.0,0.42344,0.91481
0.0,0.0,0.0,0.42396,0.91481
0.0,0.0,0.0,0.42396,0.91481
0.0,0.0,0.0,0.42396,0.91481
0.0,0.0,0.0,0.42396,0.91481
0.0,0.0,0.0,0.42396,0.91481
0.0,0.0,0.0,0.42448,0.91481
0.0,0.0,0.0,0.42448,0.91481
0.0,0.0,0.0,0.42604,0.91481
0.0,0.0,0.0,0.42604,0.91481
0.0,0.0,0.0,0.42604,0.91481
0.0,0.0,0.0,0.42812,0.91574
0.0,0.0,0.0,0.42812,0.91574
0.0,0.0,0.0,0.42917,0.91574
0.0,0.0,0.0,0.42917,0.91574
0.0,0.0,0.0,0.42917,0.91574
0.0,0.0,0.0,0.42917,0.91574
0.0,0.0,0.0,0.43021,0.91667
0.0,0.0,0.0,0.43021,0.91667
0.0,0.0,0.0,0.43177,0.91667
0.0,0.0,0.0,0.43177,0.91667
0.0,0.0,0.0,0.43177,0.91667
0.0,0.0,0.0,0.43281,0.91759
0.0,0.0,0.0,0.43281,0.91759
0.0,0.0,0.0,0.43281,0.91759
0.0,0.0,0.0,0.43281,0.91759
0.0,0.0,0.0,0.43281,0.91759
0.0,0.0,0.0,0.43281,0.91759
0.0,0.0,0.0,0.4349,0.91759
0.0,0.0,0.0,0.4349,0.91759
0.0,0.0,0.0,0.4349,0.91759
0.0,0.0,0.0,0.4375,0.91852
0.0,0.0,0.0,0.4375,0.91852
0.0,0.0,0.0,0.43854,0.91852
0.0,0.0,0.0,0.4401,0.91852
0.0,0.0,0.0,0.4401,0.91852
0.0,0.0,0.0,0.4401,0.91852
0.0,0.0,0.0,0.4401,0.91852
0.0,0.0,0.0,0.44115,0.91852
0.0,0.0,0.0,0.44115,0.91852
0.0,0.0,0.0,0.44167,0.91852
0.0,0.0,0.0,0.44167,0.91852
0.0,0.0,0.0,0.44167,0.91852
0.0,0.0,0.0,0.44167,0.91852
0.0,0.0,0.0,0.44167,0.91852
0.0,0.0,0.0,0.44167,0.91852
0.0,0.0,0.0,0.44167,0.91852
0.0,0.0,0.0,0.44167,0.91852
0.0,0.0,0.0,0.44167,0.91852
0.0,0.0,0.0,0.44167,0.91852
0.0,0.0,0.0,0.44167,0.91852
0.0,0.0,0.0,0.44167,0.91852
0.0,0.0,0.0,0.44167,0.91852
0.0,0.0,0.0,0.44167,0.91852
0.0,0.0,0.0,0.44167,0.91852
0.0,0.0,0.0,0.44167,0.91852
0.0,0.0,0.0,0.44167,0.91852
0.0,0.0,0.0,0.44167,0.91852
0.0,0.0,0.0,0.44167,0.91852
0.0,0.0,0.0,0.44167,0.91852
0.0,0.0,0.0,0.44167,0.91852
0.0,0.0,0.0,0.44167,0.91852
0.0,0.0,0.0,0.44167,0.91852
0.0,0.0,0.0,0.44167,0.91852
0.0,0.0,0.0,0.44167,0.91852
0.0,0.0,0.0,0.44167,0.91852
0.0,0.0,0.0,0.44167,0.91852
0.0,0.0,0.0,0.44167,0.91852
0.0,0.0,0.0,0.44167,0.91852
0.0,0.0,0.0,0.44167,0.91852
0.0,0.0,0.0,0.44167,0.91852
0.0,0.0,0.0,0.44167,0.91852
0.0,0.0,0.0,0.44167,0.91852
0.0,0.0,0.0,0.44167,0.91852
0.0,0.0,0.0,0.44167,0.91852
0.0,0.0,0.0,0.44167,0.91852
0.0,0.0,0.0,0.44167,0.91852
0.0,0.0,0.0,0.44167,0.91852
0.0,0.0,0.0,0.44167,0.91852
0.0,0.0,0.0,0.44167,0.91852
0.0,0.0,0.0,0.44167,0.91852
0.0,0.0,0.0,0.44167,0.91852
0.0,0.0,0.0,0.44167,0.91852
0.0,0.0,0.0,0.44167,0.91852
0.0,0.0,0.0,0.44167,0.91852
0.0,0.0,0.0,0.44167,0.91852
0.0,0.0,0.0,0.44167,0.91852
0.0,0.0,0.0,0.44167,0.91852
0.0,0.0,0.0,0.44167,0.91852
0.0,0.0,0.0,0.44167,0.91852
0.0,0.0,0.0,0.44167,0.91852
0.0,0.0,0.0,0.44167,0.91852
0.0,0.0,0.0,0.44167,0.91852
0.0,0.0,0.0,0.44167,0.91852
0.0,0.0,0.0,0.44167,0.91852
0.0,0.0,0.0,0.44167,0.91852
0.0,0.0,0.0,0.44167,0.91852
0.0,0.0,0.0,0.44167,0.91852
0.0,0.0,0.0,0.44167,0.91852
0.0,0.0,0.0,0.44167,0.91852
0.0,0.0,0.0,0.44167,0.91852
0.0,0.0,0.0,0.44167,0.91852
0.0,0.0,0.0,0.44167,0.91852
0.0,0.0,0.0,0.44167,0.91852
0.0,0.0,0.0,0.44167,0.91852
0.0,0.0,0.0,0.44167,0.91852
0.0,0.0,0.0,0.44167,0.91852
0.0,0.0,0.0,0.44167,0.91852
0.0,0.0,0.0,0.44167,0.91852
0.0,0.0,0.0,0.44167,0.91852
0.0,0.0,0.0,0.44167,0.91852
0.0,0.0,0.0,0.44167,0.91852
0.0,0.0,0.0,0.44167,0.91852
0.0,0.0,0.0,0.44167,0.91852
0.0,0.0,0.0,0.44167,0.91852
0.0,0.0,0.0,0.44167,0.91852
0.0,0.0,0.0,0.44167,0.91852
0.0,0.0,0.0,0.44167,0.91852
0.0,0.0,0.0,0.44167,0.91852
0.0,0.0,0.0,0.44167,0.91852
0.0,0.0,0.0,0.44167,0.91852
0.0,0.0,0.0,0.44167,0.91852
0.0,0.0,0.0,0.44167,0.91852
0.0,0.0,0.0,0.44167,0.91852
0.0,0.0,0.0,0.44167,0.91852
0.0,0.0,0.0,0.44167,0.91852
0.0,0.0,0.0,0.44167,0.91852
0.0,0.0,0.0,0.44167,0.91852
0.0,0.0,0.0,0.44219,0.91852
0.0,0.0,0.0,0.44219,0.91852
0.0,0.0,0.0,0.44375,0.91574
0.0,0.0,0.0,0.44375,0.91574
0.0,0.0,0.0,0.44375,0.91574
0.0,0.0,0.0,0.44531,0.91111
0.0,0.0,0.0,0.44531,0.91111
0.0,0.0,0.0,0.44635,0.90926
0.0,0.0,0.0,0.44635,0.90926
0.0,0.0,0.0,0.4474,0.90741
0.0,0.0,0.0,0.4474,0.90741
0.0,0.0,0.0,0.4474,0.90741
0.0,0.0,0.0,0.44844,0.9037
0.0,0.0,0.0,0.44844,0.9037
0.0,0.0,0.0,0.45208,0.89537
0.0,0.0,0.0,0.45208,0.89537
0.0,0.0,0.0,0.4599,0.88056
0.0,0.0,0.0,0.4599,0.88056
0.0,0.0,0.0,0.47552,0.8537
0.0,0.0,0.0,0.47552,0.8537
0.0,0.0,0.0,0.48854,0.83148
0.0,0.0,0.0,0.48854,0.83148
0.0,0.0,0.0,0.50469,0.80278
0.0,0.0,0.0,0.50469,0.80278
0.0,0.0,0.0,0.50469,0.80278
0.0,0.0,0.0,0.52188,0.76574
0.0,0.0,0.0,0.52188,0.76574
0.0,0.0,0.0,0.53125,0.74259
0.0,0.0,0.0,0.53125,0.74259
0.0,0.0,0.0,0.54583,0.70926
0.0,0.0,0.0,0.54583,0.70926
0.0,0.0,0.0,0.54583,0.70926
0.0,0.0,0.0,0.56146,0.67222
0.0,0.0,0.0,0.56146,0.67222
0.0,0.0,0.0,0.57604,0.63333
0.0,0.0,0.0,0.57604,0.63333
0.0,0.0,0.0,0.58802,0.6037
0.0,0.0,0.0,0.58802,0.6037
0.0,0.0,0.0,0.60885,0.55185
0.0,0.0,0.0,0.60885,0.55185
0.0,0.0,0.0,0.62656,0.51111
0.0,0.0,0.0,0.62656,0.51111
0.0,0.0,0.0,0.64948,0.46389
0.0,0.0,0.0,0.64948,0.46389
0.0,0.0,0.0,0.64948,0.46389
0.0,0.0,0.0,0.67344,0.41574
0.0,0.0,0.0,0.67344,0.41574
0.0,0.0,0.0,0.69323,0.38056
0.0,0.0,0.0,0.69323,0.38056
0.0,0.0,0.0,0.70521,0.35926
0.0,0.0,0.0,0.70521,0.35926
0.0,0.0,0.0,0.70521,0.35926
0.0,0.0,0.0,0.71875,0.32593
0.0,0.0,0.0,0.71875,0.32593
0.0,0.0,0.0,0.725,0.31296
0.0,0.0,0.0,0.725,0.31296
0.0,0.0,0.0,0.7276,0.30463
0.0,0.0,0.0,0.7276,0.30463
0.0,0.0,0.0,0.72812,0.3037
0.0,0.0,0.0,0.72812,0.3037
0.0,0.0,0.0,0.72865,0.30185
0.0,0.0,0.0,0.72865,0.30185
0.0,0.0,0.0,0.72865,0.30185
0.0,0.0,0.0,0.72865,0.30185
0.0,0.0,0.0,0.72865,0.30185
0.0,0.0,0.0,0.72865,0.30185
0.0,0.0,0.0,0.72865,0.30185
0.0,0.0,0.0,0.72865,0.30185
0.0,0.0,0.0,0.72865,0.30185
0.0,0.0,0.0,0.72865,0.30185
0.0,0.0,0.0,0.72865,0.30185
0.0,0.0,0.0,0.72865,0.30185
0.0,0.0,0.0,0.72865,0.30185
0.0,0.0,0.0,0.72865,0.30185
0.0,0.0,0.0,0.72865,0.30185
0.0,0.0,0.0,0.72865,0.30185
0.0,0.0,0.0,0.72865,0.30185
0.0,0.0,0.0,0.72865,0.30185
0.0,0.0,0.0,0.72865,0.30185
0.0,0.0,0.0,0.72865,0.30185
0.0,0.0,0.0,0.72865,0.30185
0.0,0.0,0.0,0.72865,0.30185
0.0,0.0,0.0,0.72865,0.30185
0.0,0.0,0.0,0.72865,0.30185
0.0,0.0,0.0,0.72865,0.30185
0.0,0.0,0.0,0.72865,0.30185
0.0,0.0,0.0,0.72865,0.30185
0.0,0.0,0.0,0.72865,0.30185
0.0,0.0,0.0,0.72865,0.30185
0.0,0.0,0.0,0.72865,0.30185
0.0,0.0,0.0,0.72865,0.30185
0.0,0.0,0.0,0.72865,0.30185
0.0,0.0,0.0,0.72865,0.30185
0.0,0.0,0.0,0.72865,0.30185
0.0,0.0,0.0,0.72865,0.30185
0.0,0.0,0.0,0.72865,0.30185
0.0,0.0,0.0,0.72865,0.30185
0.0,0.0,0.0,0.72865,0.30185
0.0,0.0,0.0,0.72865,0.30185
0.0,0.0,0.0,0.72865,0.30185
0.0,0.0,0.0,0.72865,0.30185
0.0,0.0,0.0,0.72865,0.30185
0.0,0.0,0.0,0.72865,0.30185
0.0,0.0,0.0,0.72865,0.30185
0.0,0.0,0.0,0.72865,0.30185
0.0,0.0,0.0,0.72865,0.30185
0.0,0.0,0.0,0.72865,0.30185
0.0,0.0,0.0,0.72865,0.30185
0.0,0.0,0.0,0.72865,0.30185
0.0,0.0,0.0,0.72865,0.30185
0.0,0.0,0.0,0.72865,0.30185
0.0,0.0,0.0,0.72865,0.30185
0.0,0.0,0.0,0.72865,0.30185
0.0,0.0,0.0,0.72865,0.30185
0.0,0.0,0.0,0.72865,0.30185
0.0,0.0,0.0,0.72865,0.30185
0.0,0.0,0.0,0.72865,0.30185
0.0,0.0,0.0,0.72865,0.30185
0.0,0.0,0.0,0.72865,0.30185
0.0,0.0,0.0,0.72865,0.30185
0.0,0.0,0.0,0.72865,0.30185
0.0,0.0,0.0,0.72865,0.30185
0.0,0.0,0.0,0.72865,0.30185
0.0,0.0,0.0,0.72865,0.30185
0.0,0.0,0.0,0.72865,0.30185
0.0,0.0,0.0,0.72865,0.30185
0.0,0.0,0.0,0.72865,0.30185
0.0,0.0,0.0,0.72865,0.30185
0.0,0.0,0.0,0.72865,0.30185
0.0,0.0,0.0,0.72865,0.30185
0.0,0.0,0.0,0.72865,0.30185
0.0,0.0,0.0,0.72865,0.30185
0.0,0.0,0.0,0.72865,0.30185
0.0,0.0,0.0,0.72865,0.30185
0.0,0.0,0.0,0.72865,0.30185
0.0,0.0,0.0,0.72865,0.30185
0.0,0.0,0.0,0.72865,0.30185
0.0,0.0,0.0,0.72865,0.30185
0.0,0.0,0.0,0.72865,0.30185
0.0,0.0,0.0,0.72865,0.30185
0.0,0.0,0.0,0.72865,0.30185
0.0,0.0,0.0,0.72865,0.30185
0.0,0.0,0.0,0.72865,0.30185
0.0,0.0,0.0,0.72865,0.30185
0.0,0.0,0.0,0.72865,0.30185
0.0,0.0,0.0,0.72865,0.30185
0.0,0.0,0.0,0.72865,0.30185
0.0,0.0,0.0,0.72865,0.30185
0.0,0.0,0.0,0.72865,0.30185
0.0,0.0,0.0,0.72865,0.30185
0.0,0.0,0.0,0.72865,0.30185
0.0,0.0,0.0,0.72865,0.30185
0.0,0.0,0.0,0.72865,0.30185
0.0,0.0,0.0,0.72865,0.30185
0.0,0.0,0.0,0.72865,0.30185
0.0,0.0,0.0,0.72865,0.30185
0.0,0.0,0.0,0.72865,0.30185
0.0,0.0,0.0,0.72865,0.30185
0.0,0.0,0.0,0.72865,0.30185
0.0,0.0,0.0,0.72865,0.30185
0.0,0.0,0.0,0.72865,0.30185
0.0,0.0,0.0,0.72865,0.30185
0.0,0.0,0.0,0.72865,0.30185
0.0,0.0,0.0,0.72865,0.30185
0.0,0.0,0.0,0.72865,0.30185
0.0,0.0,0.0,0.72865,0.30185
0.0,0.0,0.0,0.72865,0.30185
0.0,0.0,0.0,0.72865,0.30185
0.0,0.0,0.0,0.72865,0.30185
0.0,0.0,0.0,0.72865,0.30185
0.0,0.0,0.0,0.72865,0.30185
0.0,0.0,0.0,0.72865,0.30185
0.0,0.0,0.0,0.72865,0.30185
0.0,0.0,0.0,0.72865,0.30185
0.0,0.0,0.0,0.72865,0.30185
0.0,0.0,0.0,0.72865,0.30185
0.0,0.0,0.0,0.72865,0.30185
0.0,0.0,0.0,0.72865,0.30185
0.0,0.0,0.0,0.72865,0.30185
0.0,0.0,0.0,0.72865,0.30185
0.0,0.0,0.0,0.72865,0.30185
0.0,0.0,0.0,0.72865,0.30185
0.0,0.0,0.0,0.72865,0.30185
0.0,0.0,0.0,0.72865,0.30185
0.0,0.0,0.0,0.72865,0.30185
0.0,0.0,0.0,0.72865,0.30185
0.0,0.0,0.0,0.72865,0.30185
0.0,0.0,0.0,0.72865,0.30185
0.0,0.0,0.0,0.72865,0.30185
0.0,0.0,0.0,0.72865,0.30185
0.0,0.0,0.0,0.72865,0.30185
0.0,0.0,0.0,0.72865,0.30185
0.0,0.0,0.0,0.72865,0.30185
0.0,0.0,0.0,0.72865,0.30185
0.0,0.0,0.0,0.72865,0.30185
0.0,0.0,0.0,0.72865,0.30185
0.0,0.0,0.0,0.72865,0.30185
0.0,0.0,0.0,0.72865,0.30185
0.0,0.0,0.0,0.72865,0.30185
0.0,0.0,0.0,0.72865,0.30185
0.0,0.0,0.0,0.72865,0.30185
0.0,0.0,0.0,0.72865,0.30185
0.0,0.0,0.0,0.72865,0.30185
0.0,0.0,0.0,0.72865,0.30185
0.0,0.0,0.0,0.72865,0.30185
0.0,0.0,0.0,0.72865,0.30185
0.0,0.0,0.0,0.72865,0.30185
0.0,0.0,0.0,0.72865,0.30185
0.0,0.0,0.0,0.72865,0.30185
0.0,0.0,0.0,0.72865,0.30185
0.0,0.0,0.0,0.72865,0.30185
0.0,0.0,0.0,0.72865,0.30185
0.0,0.0,0.0,0.72865,0.30185
0.0,0.0,0.0,0.72865,0.30185
0.0,0.0,0.0,0.72865,0.30185
0.0,0.0,0.0,0.72865,0.30185
0.0,0.0,0.0,0.72865,0.30185
0.0,0.0,0.0,0.72865,0.30185
0.0,0.0,0.0,0.72865,0.30185
0.0,0.0,0.0,0.72865,0.30185
0.0,0.0,0.0,0.72865,0.30185
0.0,0.0,0.0,0.72865,0.30185
0.0,0.0,0.0,0.72865,0.30185
0.0,0.0,0.0,0.72865,0.30185
0.0,0.0,0.0,0.72865,0.30185
0.0,0.0,0.0,0.72865,0.30185
0.0,0.0,0.0,0.72865,0.30185
0.0,0.0,0.0,0.72865,0.30185
0.0,0.0,0.0,0.72865,0.30185
0.0,0.0,0.0,0.72865,0.30185
0.0,0.0,0.0,0.72865,0.30185
0.0,0.0,0.0,0.72865,0.30185
0.0,0.0,0.0,0.72865,0.30185
0.0,0.0,0.0,0.72865,0.30185
0.0,0.0,0.0,0.72865,0.30185
0.0,0.0,0.0,0.72865,0.30185
0.0,0.0,0.0,0.72865,0.30185
0.0,0.0,0.0,0.72865,0.30185
0.0,0.0,0.0,0.72865,0.30185
0.0,0.0,0.0,0.72865,0.30185
0.0,0.0,0.0,0.72865,0.30185
0.0,0.0,0.0,0.74583,0.31389
0.0,0.0,0.0,0.74583,0.31389
0.0,0.0,0.0,0.75781,0.32593
0.0,0.0,0.0,0.75781,0.32593
0.0,0.0,0.0,0.76875,0.33796
0.0,0.0,0.0,0.76875,0.33796
0.0,0.0,0.0,0.76875,0.33796
0.0,0.0,0.0,0.78021,0.35185
0.0,0.0,0.0,0.78021,0.35185
0.0,0.0,0.0,0.79115,0.37037
0.0,0.0,0.0,0.79115,0.37037
0.0,0.0,0.0,0.80313,0.39815
0.0,0.0,0.0,0.80313,0.39815
0.0,0.0,0.0,0.82031,0.44167
0.0,0.0,0.0,0.82031,0.44167
0.0,0.0,0.0,0.83854,0.48611
0.0,0.0,0.0,0.83854,0.48611
0.0,0.0,0.0,0.83854,0.48611
0.0,0.0,0.0,0.84948,0.51389
0.0,0.0,0.0,0.84948,0.51389
0.0,0.0,0.0,0.85833,0.54074
0.0,0.0,0.0,0.85833,0.54074
0.0,0.0,0.0,0.8599,0.55
0.0,0.0,0.0,0.8599,0.55
0.0,0.0,0.0,0.8599,0.55648
0.0,0.0,0.0,0.8599,0.55648
0.0,0.0,0.0,0.8599,0.55648
0.0,0.0,0.0,0.8599,0.55648
0.0,0.0,0.0,0.8599,0.56204
0.0,0.0,0.0,0.8599,0.56204
0.0,0.0,0.0,0.8599,0.56481
0.0,0.0,0.0,0.8599,0.56481
0.0,0.0,0.0,0.8599,0.56574
0.0,0.0,0.0,0.8599,0.56574
0.0,0.0,0.0,0.8599,0.56574
0.0,0.0,0.0,0.8599,0.56574
0.0,0.0,0.0,0.8599,0.56667
0.0,0.0,0.0,0.8599,0.56667
0.0,0.0,0.0,0.8599,0.56759
0.0,0.0,0.0,0.8599,0.56759
0.0,0.0,0.0,0.86042,0.5713
0.0,0.0,0.0,0.86198,0.57407
0.0,0.0,0.0,0.86198,0.57407
0.0,0.0,0.0,0.86198,0.57407
0.0,0.0,0.0,0.86198,0.57407
0.0,0.0,0.0,0.86771,0.58056
0.0,0.0,0.0,0.86771,0.58056
0.0,0.0,0.0,0.87708,0.58889
0.0,0.0,0.0,0.87708,0.58889
0.0,0.0,0.0,0.87708,0.58889
0.0,0.0,0.0,0.88854,0.59907
0.0,0.0,0.0,0.88854,0.59907
0.0,0.0,0.0,0.88854,0.59907
0.0,0.0,0.0,0.89375,0.60833
0.0,0.0,0.0,0.8974,0.61759
0.0,0.0,0.0,0.8974,0.61759
0.0,0.0,0.0,0.8974,0.61759
0.0,0.0,0.0,0.9026,0.63519
0.0,0.0,0.0,0.9026,0.63519
0.0,0.0,0.0,0.90885,0.65556
0.0,0.0,0.0,0.90885,0.65556
0.0,0.0,0.0,0.91354,0.6713
0.0,0.0,0.0,0.91354,0.6713
0.0,0.0,0.0,0.91979,0.68611
0.0,0.0,0.0,0.91979,0.68611
0.0,0.0,0.0,0.91979,0.68611
0.0,0.0,0.0,0.92396,0.69167
0.0,0.0,0.0,0.92396,0.69167
0.0,0.0,0.0,0.92604,0.69352
0.0,0.0,0.0,0.92604,0.69352
0.0,0.0,0.0,0.92656,0.69444
0.0,0.0,0.0,0.92656,0.69444
0.0,0.0,0.0,0.92656,0.69444
0.0,0.0,0.0,0.92917,0.69259
0.0,0.0,0.0,0.92917,0.69259
0.0,0.0,0.0,0.93125,0.68611
0.0,0.0,0.0,0.93125,0.68611
0.0,0.0,0.0,0.93229,0.675
0.0,0.0,0.0,0.93229,0.675
0.0,0.0,0.0,0.92917,0.65093
0.0,0.0,0.0,0.92917,0.65093
0.0,0.0,0.0,0.92708,0.63796
0.0,0.0,0.0,0.92708,0.63796
0.0,0.0,0.0,0.92708,0.63796
0.0,0.0,0.0,0.92708,0.63796
0.0,0.0,0.0,0.92396,0.61852
0.0,0.0,0.0,0.92396,0.61852
0.0,0.0,0.0,0.91458,0.59907
0.0,0.0,0.0,0.91458,0.59907
0.0,0.0,0.0,0.91458,0.59907
0.0,0.0,0.0,0.90156,0.57963
0.0,0.0,0.0,0.90156,0.57963
0.0,0.0,0.0,0.89479,0.5713
0.0,0.0,0.0,0.89479,0.5713
0.0,0.0,0.0,0.88698,0.56296
0.0,0.0,0.0,0.88698,0.56296
0.0,0.0,0.0,0.87448,0.5537
0.0,0.0,0.0,0.87448,0.5537
0.0,0.0,0.0,0.87187,0.55093
0.0,0.0,0.0,0.87187,0.55093
0.0,0.0,0.0,0.86875,0.54815
0.0,0.0,0.0,0.86875,0.54815
0.0,0.0,0.0,0.86875,0.54815
0.0,0.0,0.0,0.86198,0.54352
0.0,0.0,0.0,0.86198,0.54352
0.0,0.0,0.0,0.84948,0.54259
0.0,0.0,0.0,0.84948,0.54259
0.0,0.0,0.0,0.84948,0.54259
0.0,0.0,0.0,0.83125,0.55093
0.0,0.0,0.0,0.83125,0.55093
0.0,0.0,0.0,0.83125,0.55093
0.0,0.0,0.0,0.80625,0.56296
0.0,0.0,0.0,0.80625,0.56296
0.0,0.0,0.0,0.80625,0.56296
0.0,0.0,0.0,0.79375,0.5713
0.0,0.0,0.0,0.79375,0.5713
0.0,0.0,0.0,0.78854,0.5787
0.0,0.0,0.0,0.78854,0.5787
0.0,0.0,0.0,0.77552,0.58796
0.0,0.0,0.0,0.77552,0.58796
0.0,0.0,0.0,0.75625,0.60093
0.0,0.0,0.0,0.75625,0.60093
0.0,0.0,0.0,0.75625,0.60093
0.0,0.0,0.0,0.74063,0.61019
0.0,0.0,0.0,0.74063,0.61019
0.0,0.0,0.0,0.73438,0.61574
0.0,0.0,0.0,0.73438,0.61574
0.0,0.0,0.0,0.72865,0.61944
0.0,0.0,0.0,0.72865,0.61944
0.0,0.0,0.0,0.72865,0.61944
0.0,0.0,0.0,0.71927,0.63056
0.0,0.0,0.0,0.71927,0.63056
0.0,0.0,0.0,0.71198,0.64167
0.0,0.0,0.0,0.71198,0.64167
0.0,0.0,0.0,0.70208,0.65926
0.0,0.0,0.0,0.70208,0.65926
0.0,0.0,0.0,0.68854,0.67222
0.0,0.0,0.0,0.68854,0.67222
0.0,0.0,0.0,0.67813,0.68241
0.0,0.0,0.0,0.67813,0.68241
0.0,0.0,0.0,0.67813,0.68241
0.0,0.0,0.0,0.6724,0.69352
0.0,0.0,0.0,0.6724,0.69352
0.0,0.0,0.0,0.66667,0.70741
0.0,0.0,0.0,0.66667,0.70741
0.0,0.0,0.0,0.66198,0.71852
0.0,0.0,0.0,0.66198,0.71852
0.0,0.0,0.0,0.65625,0.73148
0.0,0.0,0.0,0.65625,0.73148
0.0,0.0,0.0,0.65625,0.73148
0.0,0.0,0.0,0.65573,0.73611
0.0,0.0,0.0,0.65573,0.73611
0.0,0.0,0.0,0.65573,0.73611
0.0,0.0,0.0,0.65573,0.73611
0.0,0.0,0.0,0.65521,0.74074
0.0,0.0,0.0,0.65521,0.74074
0.0,0.0,0.0,0.65521,0.74074
0.0,0.0,0.0,0.65469,0.74722
0.0,0.0,0.0,0.65469,0.74815
0.0,0.0,0.0,0.65469,0.74815
0.0,0.0,0.0,0.65469,0.74815
0.0,0.0,0.0,0.65469,0.74815
0.0,0.0,0.0,0.65469,0.74815
0.0,0.0,0.0,0.65521,0.74815
0.0,0.0,0.0,0.65521,0.74815
0.0,0.0,0.0,0.65677,0.74815
0.0,0.0,0.0,0.65677,0.74815
0.0,0.0,0.0,0.65677,0.74815
0.0,0.0,0.0,0.66094,0.75463
0.0,0.0,0.0,0.66094,0.75463
0.0,0.0,0.0,0.66094,0.75463
0.0,0.0,0.0,0.66094,0.75741
0.0,0.0,0.0,0.66094,0.75741
0.0,0.0,0.0,0.66146,0.76111
0.0,0.0,0.0,0.66146,0.76111
0.0,0.0,0.0,0.66354,0.76296
0.0,0.0,0.0,0.66354,0.76296
0.0,0.0,0.0,0.66354,0.76296
0.0,0.0,0.0,0.67135,0.76204
0.0,0.0,0.0,0.67135,0.76204
0.0,0.0,0.0,0.6776,0.76019
0.0,0.0,0.0,0.6776,0.76019
0.0,0.0,0.0,0.68646,0.75833
0.0,0.0,0.0,0.68646,0.75833
0.0,0.0,0.0,0.69219,0.75833
0.0,0.0,0.0,0.69219,0.75833
0.0,0.0,0.0,0.6974,0.75833
0.0,0.0,0.0,0.6974,0.75833
0.0,0.0,0.0,0.6974,0.75833
0.0,0.0,0.0,0.71094,0.76574
0.0,0.0,0.0,0.71094,0.76574
0.0,0.0,0.0,0.73073,0.76944
0.0,0.0,0.0,0.73073,0.76944
0.0,0.0,0.0,0.75208,0.76574
0.0,0.0,0.0,0.75208,0.76574
0.0,0.0,0.0,0.75208,0.76574
0.0,0.0,0.0,0.76719,0.75556
0.0,0.0,0.0,0.76719,0.75556
0.0,0.0,0.0,0.78021,0.73981
0.0,0.0,0.0,0.78021,0.73981
0.0,0.0,0.0,0.78698,0.73056
0.0,0.0,0.0,0.78698,0.73056
0.0,0.0,0.0,0.79531,0.72407
0.0,0.0,0.0,0.79531,0.72407
0.0,0.0,0.0,0.79531,0.72407
0.0,0.0,0.0,0.7974,0.72222
0.0,0.0,0.0,0.7974,0.72222
0.0,0.0,0.0,0.79844,0.72222
0.0,0.0,0.0,0.79844,0.72222
0.0,0.0,0.0,0.79896,0.72222
0.0,0.0,0.0,0.79896,0.72222
0.0,0.0,0.0,0.79896,0.72222
0.0,0.0,0.0,0.79896,0.72222
0.0,0.0,0.0,0.79896,0.72222
0.0,0.0,0.0,0.79896,0.72222
0.0,0.0,0.0,0.79896,0.72222
0.0,0.0,0.0,0.79896,0.72222
0.0,0.0,0.0,0.79896,0.72222
0.0,0.0,0.0,0.79896,0.72222
0.0,0.0,0.0,0.79896,0.72222
0.0,0.0,0.0,0.79896,0.72222
0.0,0.0,0.0,0.79896,0.72222
0.0,0.0,0.0,0.79896,0.7213
0.0,0.0,0.0,0.79896,0.7213
0.0,0.0,0.0,0.79896,0.7213
0.0,0.0,0.0,0.79844,0.71759
0.0,0.0,0.0,0.79844,0.71759
0.0,0.0,0.0,0.79792,0.71574
0.0,0.0,0.0,0.79792,0.71574
0.0,0.0,0.0,0.7974,0.71389
0.0,0.0,0.0,0.7974,0.71389
0.0,0.0,0.0,0.7974,0.71389
0.0,0.0,0.0,0.79688,0.71296
0.0,0.0,0.0,0.79688,0.71296
0.0,0.0,0.0,0.79688,0.71296
0.0,0.0,0.0,0.79688,0.71296
0.0,0.0,0.0,0.79688,0.71204
0.0,0.0,0.0,0.79688,0.71204
0.0,0.0,0.0,0.79583,0.71111
0.0,0.0,0.0,0.79583,0.71111
0.0,0.0,0.0,0.79583,0.71019
0.0,0.0,0.0,0.79583,0.71019
0.0,0.0,0.0,0.79531,0.71019
0.0,0.0,0.0,0.79531,0.71019
0.0,0.0,0.0,0.79531,0.71019
0.0,0.0,0.0,0.79375,0.70833
0.0,0.0,0.0,0.79375,0.70833
0.0,0.0,0.0,0.78906,0.70833
0.0,0.0,0.0,0.78906,0.70833
0.0,0.0,0.0,0.77969,0.70833
0.0,0.0,0.0,0.77969,0.70833
0.0,0.0,0.0,0.77969,0.70833
0.0,0.0,0.0,0.77188,0.70741
0.0,0.0,0.0,0.77188,0.70741
0.0,0.0,0.0,0.76771,0.70833
0.0,0.0,0.0,0.76771,0.70833
0.0,0.0,0.0,0.76615,0.70833
0.0,0.0,0.0,0.76615,0.70833
0.0,0.0,0.0,0.76615,0.70833
0.0,0.0,0.0,0.76458,0.70926
0.0,0.0,0.0,0.76458,0.70926
0.0,0.0,0.0,0.76354,0.70926
0.0,0.0,0.0,0.76354,0.70926
0.0,0.0,0.0,0.76198,0.70926
0.0,0.0,0.0,0.76198,0.70926
0.0,0.0,0.0,0.7599,0.70741
0.0,0.0,0.0,0.7599,0.70741
0.0,0.0,0.0,0.75781,0.70648
0.0,0.0,0.0,0.75781,0.70648
0.0,0.0,0.0,0.75781,0.70648
0.0,0.0,0.0,0.75521,0.70648
0.0,0.0,0.0,0.75521,0.70648
0.0,0.0,0.0,0.75365,0.70648
0.0,0.0,0.0,0.75365,0.70648
0.0,0.0,0.0,0.75208,0.70648
0.0,0.0,0.0,0.75208,0.70648
0.0,0.0,0.0,0.75156,0.70648
0.0,0.0,0.0,0.75156,0.70648
0.0,0.0,0.0,0.75156,0.70648
0.0,0.0,0.0,0.75052,0.70648
0.0,0.0,0.0,0.75052,0.70648
0.0,0.0,0.0,0.75052,0.70648
0.0,0.0,0.0,0.75052,0.70648
0.0,0.0,0.0,0.75,0.70648
0.0,0.0,0.0,0.75,0.70648
0.0,0.0,0.0,0.75,0.70648
0.0,0.0,0.0,0.75,0.70648
0.0,0.0,0.0,0.74948,0.70648
0.0,0.0,0.0,0.74948,0.70648
0.0,0.0,0.0,0.74948,0.70648
0.0,0.0,0.0,0.74948,0.70648
0.0,0.0,0.0,0.74948,0.70648
0.0,0.0,0.0,0.74948,0.70648
0.0,0.0,0.0,0.74948,0.70648
0.0,0.0,0.0,0.74792,0.70741
0.0,0.0,0.0,0.74792,0.70741
0.0,0.0,0.0,0.74687,0.71111
0.0,0.0,0.0,0.74687,0.71111
0.0,0.0,0.0,0.74687,0.71111
0.0,0.0,0.0,0.74635,0.71667
0.0,0.0,0.0,0.74635,0.71667
0.0,0.0,0.0,0.74635,0.72315
0.0,0.0,0.0,0.74635,0.72315
0.0,0.0,0.0,0.74635,0.7287
0.0,0.0,0.0,0.74635,0.7287
0.0,0.0,0.0,0.74635,0.7287
0.0,0.0,0.0,0.74635,0.73148
0.0,0.0,0.0,0.74635,0.73148
0.0,0.0,0.0,0.7474,0.73241
0.0,0.0,0.0,0.7474,0.73241
0.0,0.0,0.0,0.74792,0.73426
0.0,0.0,0.0,0.74792,0.73426
0.0,0.0,0.0,0.74948,0.73796
0.0,0.0,0.0,0.74948,0.73796
0.0,0.0,0.0,0.75104,0.74352
0.0,0.0,0.0,0.75104,0.74352
0.0,0.0,0.0,0.75104,0.74352
0.0,0.0,0.0,0.75208,0.74907
0.0,0.0,0.0,0.75208,0.74907
0.0,0.0,0.0,0.75313,0.7537
0.0,0.0,0.0,0.75313,0.7537
0.0,0.0,0.0,0.75365,0.75556
0.0,0.0,0.0,0.75365,0.75556
0.0,0.0,0.0,0.75365,0.75741
0.0,0.0,0.0,0.75365,0.75741
0.0,0.0,0.0,0.75365,0.75741
0.0,0.0,0.0,0.75365,0.75926
0.0,0.0,0.0,0.75365,0.75926
0.0,0.0,0.0,0.75417,0.76111
0.0,0.0,0.0,0.75417,0.76111
0.0,0.0,0.0,0.75417,0.76204
0.0,0.0,0.0,0.75417,0.76204
0.0,0.0,0.0,0.75417,0.76204
0.0,0.0,0.0,0.75417,0.76296
0.0,0.0,0.0,0.75469,0.76481
0.0,0.0,0.0,0.75469,0.76481
0.0,0.0,0.0,0.75469,0.76481
0.0,0.0,0.0,0.75521,0.76667
0.0,0.0,0.0,0.75521,0.76667
0.0,0.0,0.0,0.75573,0.76852
0.0,0.0,0.0,0.75573,0.76852
0.0,0.0,0.0,0.75625,0.76944
0.0,0.0,0.0,0.75625,0.76944
0.0,0.0,0.0,0.75625,0.76944
0.0,0.0,0.0,0.75625,0.76944
0.0,0.0,0.0,0.75677,0.76944
0.0,0.0,0.0,0.75677,0.76944
0.0,0.0,0.0,0.75677,0.76944
0.0,0.0,0.0,0.75781,0.76944
0.0,0.0,0.0,0.75781,0.76944
0.0,0.0,0.0,0.75833,0.76944
0.0,0.0,0.0,0.75833,0.76944
0.0,0.0,0.0,0.75833,0.76944
0.0,0.0,0.0,0.75833,0.76944
0.0,0.0,0.0,0.75885,0.76852
0.0,0.0,0.0,0.75885,0.76852
0.0,0.0,0.0,0.75885,0.76852
0.0,0.0,0.0,0.75885,0.76852
0.0,0.0,0.0,0.75885,0.76852
0.0,0.0,0.0,0.75885,0.76852
0.0,0.0,0.0,0.75885,0.76852
0.0,0.0,0.0,0.75885,0.76852
0.0,0.0,0.0,0.75885,0.76852
0.0,0.0,0.0,0.75885,0.76852
0.0,0.0,0.0,0.75885,0.76852
0.0,0.0,0.0,0.75885,0.76852
0.0,0.0,0.0,0.75885,0.76852
0.46581,1.21822,0.0,0.75885,0.76852
0.45935,1.2268,0.0,0.75885,0.76852
0.45792,1.22906,0.0,0.75885,0.76852
0.45792,1.22906,1.0,0.75885,0.76852
0.45792,1.22906,1.0,0.75937,0.76759
0.45792,1.22906,1.0,0.75937,0.76759
0.45398,1.23448,0.0,0.75937,0.76759
0.45398,1.23448,0.0,0.75937,0.76759
0.45398,1.23448,0.0,0.75937,0.76759
0.0,0.0,0.0,0.7599,0.76759
0.0,0.0,0.0,0.7599,0.76759
0.0,0.0,0.0,0.7599,0.76759
0.0,0.0,0.0,0.7599,0.76759
0.0,0.0,0.0,0.76042,0.76759
0.0,0.0,0.0,0.76042,0.76759
0.0,0.0,0.0,0.76042,0.76759
0.0,0.0,0.0,0.76042,0.76759
0.0,0.0,0.0,0.76042,0.76759
0.0,0.0,0.0,0.76042,0.76667
0.0,0.0,0.0,0.76042,0.76667
0.0,0.0,0.0,0.76146,0.76574
0.0,0.0,0.0,0.76146,0.76574
0.0,0.0,0.0,0.76354,0.76481
0.0,0.0,0.0,0.76354,0.76481
0.0,0.0,0.0,0.76823,0.76111
0.0,0.0,0.0,0.76823,0.76111
0.0,0.0,0.0,0.76823,0.76111
0.0,0.0,0.0,0.77396,0.75556
0.0,0.0,0.0,0.77396,0.75556
0.0,0.0,0.0,0.77708,0.75278
0.0,0.0,0.0,0.77708,0.75278
0.0,0.0,0.0,0.78125,0.74815
0.0,0.0,0.0,0.78125,0.74815
0.0,0.0,0.0,0.78125,0.74815
0.0,0.0,0.0,0.78542,0.74444
0.0,0.0,0.0,0.78542,0.74444
0.0,0.0,0.0,0.78802,0.74259
0.0,0.0,0.0,0.78802,0.74259
0.0,0.0,0.0,0.79115,0.73796
0.0,0.0,0.0,0.79115,0.73796
0.0,0.0,0.0,0.79375,0.73241
0.0,0.0,0.0,0.79375,0.73241
0.0,0.0,0.0,0.79583,0.72685
0.0,0.0,0.0,0.79583,0.72685
0.0,0.0,0.0,0.79844,0.71944
0.0,0.0,0.0,0.79844,0.71944
0.0,0.0,0.0,0.79844,0.71944
0.0,0.0,0.0,0.8,0.71296
0.0,0.0,0.0,0.8,0.71296
0.0,0.0,0.0,0.8,0.71296
0.0,0.0,0.0,0.80313,0.7037
0.0,0.0,0.0,0.80313,0.7037
0.0,0.0,0.0,0.80469,0.7
0.0,0.0,0.0,0.80469,0.7
0.0,0.0,0.0,0.80573,0.69537
0.0,0.0,0.0,0.80573,0.69537
0.0,0.0,0.0,0.80573,0.69537
0.0,0.0,0.0,0.80625,0.68889
0.0,0.0,0.0,0.80625,0.68889
0.0,0.0,0.0,0.80573,0.6787
0.0,0.0,0.0,0.80573,0.6787
0.0,0.0,0.0,0.80365,0.66944
0.0,0.0,0.0,0.80365,0.66944
0.0,0.0,0.0,0.80365,0.66944
0.0,0.0,0.0,0.80052,0.65926
0.0,0.0,0.0,0.79844,0.65278
0.0,0.0,0.0,0.79844,0.65278
0.0,0.0,0.0,0.79844,0.65278
0.0,0.0,0.0,0.79583,0.64815
0.0,0.0,0.0,0.79583,0.64815
0.21285,0.58612,0.0,0.79271,0.64444
0.28411,0.78189,0.0,0.79271,0.64444
0.43149,1.17241,0.0,0.78854,0.64259
0.43675,1.1925,0.0,0.78854,0.64259
0.43866,1.19945,0.0,0.78854,0.64259
0.439,1.20263,1.0,0.78333,0.64259
0.43665,1.209,1.0,0.78333,0.64259
0.43517,1.21324,1.0,0.7776,0.64352
0.43676,1.21618,1.0,0.7776,0.64352
0.43727,1.21436,1.0,0.77448,0.6463
0.43766,1.21287,1.0,0.77448,0.6463
0.43736,1.2115,1.0,0.77135,0.64815
0.43717,1.20951,1.0,0.77135,0.64815
0.43696,1.20785,1.0,0.77135,0.64815
0.43706,1.20733,1.0,0.76615,0.6537
0.43637,1.20639,1.0,0.76615,0.6537
0.43583,1.20561,1.0,0.76615,0.6537
0.43413,1.20637,1.0,0.76146,0.66019
0.43482,1.20632,1.0,0.76146,0.66019
0.43542,1.20628,1.0,0.7599,0.66389
0.43517,1.20542,1.0,0.7599,0.66389
0.4351,1.20494,1.0,0.75833,0.66759
0.43504,1.20449,1.0,0.75833,0.66759
0.4354,1.20536,1.0,0.75833,0.66759
0.43598,1.20559,1.0,0.75677,0.67315
0.43648,1.20578,1.0,0.75677,0.67315
0.43643,1.2053,1.0,0.75625,0.67778
0.43577,1.20587,1.0,0.75625,0.67778
0.43516,1.20639,1.0,0.75625,0.68148
0.43493,1.20721,1.0,0.75625,0.68148
0.43437,1.20741,1.0,0.75625,0.68148
0.43385,1.2076,1.0,0.75625,0.68426
0.43363,1.20788,1.0,0.75625,0.68426
0.43374,1.20797,1.0,0.75625,0.68426
0.43386,1.20805,1.0,0.75677,0.68889
0.43332,1.20856,1.0,0.75677,0.68889
0.43335,1.20879,1.0,0.75833,0.69352
0.43337,1.20901,1.0,0.75833,0.69352
0.4335,1.20878,1.0,0.76094,0.69815
0.43296,1.20882,1.0,0.76094,0.69815
0.43244,1.20885,1.0,0.76094,0.69815
0.43245,1.20852,1.0,0.76094,0.69815
0.43233,1.20826,1.0,0.76979,0.70556
0.43222,1.20802,1.0,0.76979,0.70556
0.43174,1.20873,1.0,0.775,0.70833
0.43248,1.20871,1.0,0.775,0.70833
0.43318,1.2087,1.0,0.775,0.70833
0.4376,1.21003,1.0,0.78438,0.71204
0.44148,1.21096,1.0,0.78438,0.71204
0.48061,1.22044,0.0,0.78438,0.71204
0.54632,1.24217,0.0,0.7901,0.71481
0.56836,1.24587,0.0,0.7901,0.71481
0.61223,1.25664,0.0,0.79479,0.71667
0.6098,1.26066,0.0,0.79479,0.71667
0.61439,1.25101,0.0,0.80208,0.71852
0.61705,1.24619,1.0,0.80208,0.71852
0.61726,1.25361,1.0,0.81615,0.72315
0.61703,1.2537,1.0,0.81615,0.72315
0.61686,1.25377,1.0,0.82344,0.725
0.61571,1.2574,1.0,0.82344,0.725
0.61627,1.25774,1.0,0.83073,0.725
0.61671,1.25801,1.0,0.83073,0.725
0.6166,1.25767,1.0,0.83073,0.725
0.6146,1.25875,1.0,0.83594,0.725
0.61291,1.25966,1.0,0.83594,0.725
0.6102,1.25873,1.0,0.84219,0.725
0.61053,1.25676,1.0,0.84219,0.725
0.61082,1.25504,1.0,0.84896,0.72315
0.61011,1.25603,1.0,0.84896,0.72315
0.60842,1.25558,1.0,0.84896,0.72315
0.60691,1.25516,1.0,0.85625,0.71944
0.6064,1.25407,1.0,0.85625,0.71944
0.60592,1.2544,1.0,0.86302,0.71481
0.60548,1.25469,1.0,0.86302,0.71481
0.60449,1.25507,1.0,0.86667,0.71111
0.60377,1.25536,1.0,0.86667,0.71111
0.60312,1.25563,1.0,0.86667,0.71111
0.60301,1.25618,1.0,0.87083,0.70463
0.605,1.25529,1.0,0.87396,0.69907
0.60684,1.25446,1.0,0.87396,0.69907
0.60706,1.25406,1.0,0.87396,0.69907
0.60776,1.25439,1.0,0.87552,0.69259
0.60841,1.2547,1.0,0.87552,0.69259
0.60947,1.25412,1.0,0.87552,0.68519
0.60994,1.25418,1.0,0.87552,0.68519
0.61039,1.25424,1.0,0.87552,0.67963
0.61054,1.25355,1.0,0.87552,0.67963
0.61083,1.25444,1.0,0.8724,0.66944
0.61115,1.25529,1.0,0.8724,0.66944
0.61139,1.25562,1.0,0.8724,0.66944
0.61169,1.25536,1.0,0.86198,0.65741
0.61197,1.25511,1.0,0.86198,0.65741
0.61191,1.25588,1.0,0.85469,0.65093
0.61208,1.25565,1.0,0.85469,0.65093
0.6122,1.25542,1.0,0.84792,0.64815
0.61214,1.25508,1.0,0.84792,0.64815
0.6123,1.25532,1.0,0.84792,0.64815
0.61245,1.25555,1.0,0.84479,0.64722
0.61276,1.25539,1.0,0.84375,0.64722
0.6129,1.25496,1.0,0.84375,0.64722
0.61305,1.2545,1.0,0.84375,0.64722
0.61307,1.25361,1.0,0.84323,0.64722
0.6132,1.25434,1.0,0.84323,0.64722
0.6133,1.25506,1.0,0.84323,0.64722
0.61332,1.25443,1.0,0.84323,0.64722
0.61328,1.25393,1.0,0.84323,0.64722
0.61324,1.25344,1.0,0.84323,0.64722
0.61379,1.25288,1.0,0.84271,0.64722
0.61392,1.2522,1.0,0.84271,0.64722
0.6141,1.25152,1.0,0.84271,0.64722
0.61168,1.2516,1.0,0.84219,0.64815
0.60929,1.2516,1.0,0.84219,0.64815
0.6069,1.2516,1.0,0.84219,0.64815
0.57506,1.24968,0.0,0.84167,0.64907
0.52385,1.24895,0.0,0.84167,0.64907
0.50677,1.24864,0.0,0.84167,0.64907
0.46829,1.24158,0.0,0.84167,0.64907
0.44585,1.23656,0.0,0.84167,0.64907
0.43834,1.23499,0.0,0.84167,0.64907
0.44565,1.23119,1.0,0.84167,0.64907
0.44229,1.22799,1.0,0.84167,0.64907
0.44006,1.22579,1.0,0.84167,0.64907
0.44393,1.22644,1.0,0.84167,0.64907
0.44563,1.22476,1.0,0.84167,0.64907
0.44694,1.22344,1.0,0.84167,0.64907
0.44701,1.22193,1.0,0.84167,0.64907
0.44674,1.2219,1.0,0.84167,0.64907
0.44654,1.22188,1.0,0.84167,0.64907
0.44673,1.22083,1.0,0.84167,0.64907
0.44623,1.22114,1.0,0.84167,0.64907
0.4458,1.22141,1.0,0.84167,0.64907
0.44473,1.22065,1.0,0.84167,0.64907
0.44418,1.21981,1.0,0.84167,0.64907
0.4437,1.21906,1.0,0.84167,0.64907
0.44549,1.21865,1.0,0.84167,0.64907
0.44533,1.21859,1.0,0.84167,0.64907
0.44518,1.21854,1.0,0.84167,0.64907
0.44491,1.21825,1.0,0.84167,0.64907
0.44575,1.21841,1.0,0.84167,0.64907
0.44654,1.21854,1.0,0.84167,0.64907
0.44627,1.21846,1.0,0.84167,0.64907
0.44602,1.21829,1.0,0.84167,0.64907
0.44578,1.21814,1.0,0.84167,0.64907
0.44563,1.21823,1.0,0.84167,0.64907
0.44552,1.21746,1.0,0.84167,0.64907
0.44543,1.21671,1.0,0.84167,0.64907
0.44554,1.21679,1.0,0.84167,0.64907
0.44552,1.21688,1.0,0.84167,0.64907
0.44548,1.21698,1.0,0.84167,0.64907
0.4458,1.21703,1.0,0.84167,0.64907
0.4461,1.21714,1.0,0.84167,0.64907
0.44638,1.21724,1.0,0.84167,0.64907
0.44663,1.21714,1.0,0.84167,0.64907
0.44666,1.21782,1.0,0.84167,0.64907
0.44668,1.21847,1.0,0.84167,0.64907
0.4469,1.21839,1.0,0.84167,0.64907
0.44718,1.21838,1.0,0.84167,0.64907
0.44745,1.21837,1.0,0.84167,0.64907
0.44767,1.21813,1.0,0.84167,0.64907
0.4477,1.2184,1.0,0.84167,0.64907
0.44773,1.21865,1.0,0.84167,0.64907
0.44792,1.21932,1.0,0.84167,0.64907
0.44823,1.21924,1.0,0.84167,0.64907
0.44852,1.21917,1.0,0.84167,0.64907
0.44802,1.21846,1.0,0.84167,0.64907
0.44873,1.21871,1.0,0.84167,0.64907
0.44944,1.21894,1.0,0.84167,0.64907
0.44901,1.21868,1.0,0.84167,0.64907
0.4495,1.21856,1.0,0.84167,0.64907
0.44998,1.21846,1.0,0.84167,0.64907
0.44972,1.2183,1.0,0.84167,0.64907
0.44986,1.2184,1.0,0.84167,0.64907
0.45,1.2185,1.0,0.84167,0.64907
0.44996,1.21872,1.0,0.84167,0.64907
0.44998,1.21827,1.0,0.84167,0.64907
0.44999,1.21782,1.0,0.84167,0.64907
0.45003,1.21757,1.0,0.84167,0.64907
0.45008,1.21751,1.0,0.84167,0.64907
0.45012,1.21744,1.0,0.84167,0.64907
0.4505,1.21775,1.0,0.84167,0.64907
0.4511,1.21765,1.0,0.84167,0.64907
0.4517,1.21755,1.0,0.84167,0.64907
0.4511,1.21783,1.0,0.84167,0.64907
0.45128,1.21779,1.0,0.84167,0.64907
0.45147,1.21775,1.0,0.84167,0.64907
0.45134,1.21769,1.0,0.84167,0.64907
0.45099,1.21783,1.0,0.84167,0.64907
0.45062,1.21798,1.0,0.84167,0.64907
0.4511,1.21792,1.0,0.84167,0.64907
0.45124,1.21763,1.0,0.84167,0.64907
0.45139,1.21734,1.0,0.84167,0.64907
0.45466,1.2172,1.0,0.84167,0.64907
0.45799,1.21836,1.0,0.84167,0.64907
0.48646,1.2211,0.0,0.84167,0.64907
0.53926,1.23636,0.0,0.84167,0.64907
0.55852,1.24055,0.0,0.84167,0.64907
0.59548,1.24998,0.0,0.84167,0.64907
0.59188,1.24714,0.0,0.84167,0.64907
0.60217,1.23942,0.0,0.84167,0.64907
0.60725,1.23549,1.0,0.84167,0.64907
0.60438,1.23865,1.0,0.84167,0.64907
0.59872,1.23831,1.0,0.84167,0.64907
0.59452,1.2381,1.0,0.84167,0.64907
0.59194,1.23987,1.0,0.84167,0.64907
0.59169,1.23981,1.0,0.84167,0.64907
0.59148,1.23972,1.0,0.84167,0.64907
0.59063,1.23985,1.0,0.84167,0.64907
0.59071,1.23959,1.0,0.84167,0.64907
0.59099,1.23938,1.0,0.84167,0.64907
0.59325,1.24034,1.0,0.84167,0.64907
0.59459,1.24211,1.0,0.84167,0.64907
0.59576,1.24366,1.0,0.84167,0.64907
0.59905,1.24464,1.0,0.84167,0.64907
0.60035,1.24593,1.0,0.84167,0.64907
0.60143,1.24706,1.0,0.84167,0.64907
0.6018,1.24675,1.0,0.84167,0.64907
0.60345,1.24574,1.0,0.84167,0.64907
0.60503,1.24482,1.0,0.84167,0.64907
0.60603,1.24516,1.0,0.84167,0.64907
0.60654,1.24451,1.0,0.84167,0.64907
0.607,1.24391,1.0,0.84167,0.64907
0.60741,1.24341,1.0,0.84167,0.64907
0.60852,1.24393,1.0,0.84167,0.64907
0.60949,1.24441,1.0,0.84167,0.64907
0.60967,1.24361,1.0,0.84167,0.64907
0.61019,1.24316,1.0,0.84167,0.64907
0.61068,1.24274,1.0,0.84167,0.64907
0.61094,1.24264,1.0,0.84167,0.64907
0.61155,1.24194,1.0,0.84167,0.64907
0.61213,1.24127,1.0,0.84167,0.64907
0.61245,1.24058,1.0,0.84167,0.64907
0.61258,1.24011,1.0,0.84167,0.64907
0.61275,1.23966,1.0,0.84167,0.64907
0.60874,1.2383,1.0,0.84167,0.64907
0.60355,1.23656,1.0,0.84167,0.64907
0.57323,1.21274,0.0,0.84167,0.64907
0.5002,1.15803,0.0,0.84167,0.64907
0.46588,1.12912,0.0,0.84167,0.64907
0.40772,1.08274,0.0,0.84167,0.64907
0.40872,1.06271,0.0,0.84167,0.64907
0.40716,1.04894,0.0,0.84167,0.64907
0.40624,1.04188,1.0,0.84167,0.64907
0.4023,1.03378,1.0,0.84167,0.64907
0.40267,1.03034,1.0,0.84167,0.64907
0.40305,1.02803,1.0,0.84167,0.64907
0.40323,1.02579,1.0,0.84167,0.64907
0.40149,1.02094,1.0,0.84167,0.64907
0.40001,1.01683,1.0,0.84167,0.64907
0.3976,1.01295,1.0,0.84167,0.64907
0.39638,1.01131,1.0,0.84167,0.64907
0.39536,1.01001,1.0,0.84167,0.64907
0.39318,1.00957,1.0,0.84167,0.64907
0.39156,1.0077,1.0,0.84167,0.64907
0.39018,1.00615,1.0,0.84167,0.64907
0.38901,1.00448,1.0,0.84167,0.64907
0.38816,1.00277,1.0,0.84167,0.64907
0.38735,1.0011,1.0,0.84167,0.64907
0.38623,1.00113,1.0,0.84167,0.64907
0.38677,1.00077,1.0,0.84167,0.64907
0.38725,1.00044,1.0,0.84167,0.64907
0.38712,1.00004,1.0,0.84167,0.64907
0.38667,0.99895,1.0,0.84167,0.64907
0.38625,0.99799,1.0,0.84167,0.64907
0.38612,0.99691,1.0,0.84167,0.64907
0.38668,0.99516,1.0,0.84167,0.64907
0.38722,0.99358,1.0,0.84167,0.64907
0.38747,0.99309,1.0,0.84167,0.64907
0.3873,0.99142,1.0,0.84167,0.64907
0.38711,0.98978,1.0,0.84167,0.64907
0.38739,0.98811,1.0,0.84167,0.64907
0.38772,0.96144,0.0,0.84167,0.64907
0.38298,0.94765,0.0,0.84167,0.64907
0.38719,0.95843,0.0,0.84167,0.64907
0.38586,0.96736,1.0,0.84167,0.64907
0.38507,0.97272,1.0,0.84167,0.64907
0.38217,0.97026,1.0,0.84167,0.64907
0.3812,0.96834,1.0,0.84167,0.64907
0.38047,0.9669,1.0,0.84167,0.64907
0.37992,0.96525,1.0,0.84167,0.64907
0.38022,0.96706,1.0,0.84167,0.64907
0.38046,0.96855,1.0,0.84167,0.64907
0.38113,0.9682,1.0,0.84167,0.64907
0.38091,0.96857,1.0,0.84167,0.64907
0.38072,0.96889,1.0,0.84167,0.64907
0.38107,0.96905,1.0,0.84167,0.64907
0.38064,0.96986,1.0,0.84167,0.64907
0.38026,0.97058,1.0,0.84167,0.64907
0.3815,0.97121,1.0,0.84167,0.64907
0.38236,0.97127,1.0,0.84167,0.64907
0.38312,0.97138,1.0,0.84167,0.64907
0.38291,0.97188,1.0,0.84167,0.64907
0.38266,0.97283,1.0,0.84167,0.64907
0.38246,0.97375,1.0,0.84167,0.64907
0.38334,0.9741,1.0,0.84167,0.64907
0.38337,0.97486,1.0,0.84167,0.64907
0.38337,0.97547,1.0,0.84167,0.64907
0.38406,0.97601,1.0,0.84167,0.64907
0.38487,0.97681,1.0,0.84167,0.64907
0.38562,0.97755,1.0,0.84167,0.64907
0.39184,0.9816,1.0,0.84167,0.64907
0.42268,1.01358,0.0,0.84167,0.64907
0.50281,1.09093,0.0,0.84167,0.64907
0.52958,1.11618,0.0,0.84167,0.64907
0.59609,1.17647,0.0,0.84167,0.64907
0.60915,1.18546,0.0,0.84167,0.64907
0.60546,1.19091,0.0,0.84167,0.64907
0.59908,1.19174,1.0,0.84167,0.64907
0.59482,1.19241,1.0,0.84167,0.64907
0.59335,1.19305,1.0,0.84167,0.64907
0.59385,1.19647,1.0,0.84167,0.64907
0.59408,1.19905,1.0,0.84167,0.64907
0.59312,1.19605,1.0,0.84167,0.64907
0.59293,1.19609,1.0,0.84167,0.64907
0.59278,1.19613,1.0,0.84167,0.64907
0.59393,1.1944,1.0,0.84167,0.64907
0.59443,1.19594,1.0,0.84167,0.64907
0.59505,1.19723,1.0,0.84167,0.64907
0.59404,1.19701,1.0,0.84167,0.64907
0.59472,1.19891,1.0,0.84167,0.64907
0.59539,1.20058,1.0,0.84167,0.64907
0.59533,1.19933,1.0,0.84167,0.64907
0.59689,1.19984,1.0,0.84167,0.64907
0.5982,1.20031,1.0,0.84167,0.64907
0.59999,1.20217,1.0,0.84167,0.64907
0.60111,1.20361,1.0,0.84167,0.64907
0.60212,1.20493,1.0,0.84167,0.64907
0.60285,1.20621,1.0,0.84167,0.64907
0.60394,1.20758,1.0,0.84167,0.64907
0.60494,1.20884,1.0,0.84167,0.64907
0.60599,1.21042,1.0,0.84167,0.64907
0.60676,1.21121,1.0,0.84167,0.64907
0.60743,1.21195,1.0,0.84167,0.64907
0.62555,1.23355,0.0,0.84167,0.64907
0.60576,1.23575,0.0,0.84167,0.64907
0.59847,1.23654,0.0,0.84167,0.64907
0.5962,1.23638,1.0,0.84167,0.64907
0.60373,1.23516,1.0,0.84167,0.64907
0.6093,1.2343,1.0,0.84167,0.64907
0.60827,1.23633,1.0,0.84167,0.64907
0.61064,1.23218,1.0,0.84167,0.64907
0.61251,1.22896,1.0,0.84167,0.64907
0.61234,1.22954,1.0,0.84167,0.64907
0.61212,1.23031,1.0,0.84167,0.64907
0.61156,1.23094,1.0,0.84167,0.64907
0.61238,1.22791,1.0,0.84167,0.64907
0.61121,1.22889,1.0,0.84167,0.64907
0.61027,1.22974,1.0,0.84167,0.64907
0.61097,1.22656,1.0,0.84167,0.64907
0.61173,1.22532,1.0,0.84167,0.64907
0.61247,1.22419,1.0,0.84167,0.64907
0.61304,1.22305,1.0,0.84167,0.64907
0.61327,1.22119,1.0,0.84167,0.64907
0.61358,1.21949,1.0,0.84167,0.64907
0.61377,1.21849,1.0,0.84167,0.64907
0.61371,1.21842,1.0,0.84167,0.64907
0.61366,1.21835,1.0,0.84167,0.64907
0.61354,1.21687,1.0,0.84167,0.64907
0.61278,1.21772,1.0,0.84167,0.64907
0.61201,1.21849,1.0,0.84167,0.64907
0.61175,1.21909,1.0,0.84167,0.64907
0.61186,1.21944,1.0,0.84167,0.64907
0.61196,1.21977,1.0,0.84167,0.64815
0.61218,1.22031,1.0,0.84167,0.64815
0.61187,1.22,1.0,0.84167,0.64815
0.61157,1.21971,1.0,0.84167,0.64815
0.61133,1.21895,1.0,0.84167,0.64815
0.61086,1.21912,1.0,0.84167,0.64815
0.6105,1.21928,1.0,0.84167,0.64815
0.61022,1.21876,1.0,0.84167,0.64815
0.6103,1.21869,1.0,0.84167,0.64815
0.61046,1.21861,1.0,0.84167,0.64815
0.61004,1.218,1.0,0.84167,0.64815
0.60926,1.21759,1.0,0.84167,0.64815
0.60848,1.21722,1.0,0.84167,0.64815
0.60803,1.21796,1.0,0.84167,0.64815
0.60731,1.21883,1.0,0.84167,0.64815
0.6066,1.21966,1.0,0.84167,0.64815
0.60594,1.21987,1.0,0.84167,0.64815
0.60524,1.22082,1.0,0.84167,0.64815
0.60455,1.22172,1.0,0.84167,0.64815
0.60336,1.22122,1.0,0.84167,0.64815
0.60329,1.22109,1.0,0.84167,0.64815
0.57864,1.2325,0.0,0.84167,0.64815
0.57409,1.2177,0.0,0.84167,0.64815
0.5688,1.21655,0.0,0.84167,0.64815
0.56622,1.21601,1.0,0.84167,0.64815
0.56706,1.2166,1.0,0.84167,0.64815
0.56757,1.22123,1.0,0.84167,0.64815
0.56774,1.22447,1.0,0.84167,0.64815
0.56731,1.22407,1.0,0.84167,0.64815
0.56773,1.2232,1.0,0.84167,0.64815
0.56815,1.2225,1.0,0.84167,0.64815
0.56865,1.221,1.0,0.84167,0.64815
0.56925,1.22225,1.0,0.84167,0.64815
0.56982,1.22329,1.0,0.84167,0.64815
0.56901,1.22187,1.0,0.84167,0.64815
0.5688,1.22044,1.0,0.84167,0.64815
0.56856,1.21922,1.0,0.84167,0.64815
0.56878,1.21978,1.0,0.84167,0.64815
0.56873,1.21822,1.0,0.84167,0.64815
0.56867,1.21683,1.0,0.84167,0.64815
0.56844,1.21621,1.0,0.84167,0.64815
0.56776,1.2159,1.0,0.84167,0.64815
0.56717,1.21562,1.0,0.84167,0.64815
0.5674,1.21604,1.0,0.84167,0.64722
0.56683,1.21548,1.0,0.84167,0.64722
0.56631,1.21496,1.0,0.84167,0.64722
0.567,1.21487,1.0,0.84167,0.64722
0.56942,1.21575,1.0,0.84167,0.64722
0.57161,1.21657,1.0,0.84167,0.64722
0.57256,1.2159,1.0,0.84167,0.64722
0.57379,1.21685,1.0,0.84167,0.64722
0.57494,1.21774,1.0,0.84167,0.64722
0.57588,1.21785,1.0,0.84167,0.64722
0.57758,1.21774,1.0,0.84167,0.64722
0.57919,1.21763,1.0,0.84167,0.64722
0.57953,1.21718,1.0,0.84167,0.64722
0.6065,1.21991,0.0,0.84167,0.64722
0.60239,1.21446,0.0,0.84167,0.64722
0.6015,1.21039,0.0,0.84167,0.64722
0.6065,1.21669,1.0,0.84167,0.64722
0.61015,1.22047,1.0,0.84167,0.64722
0.61042,1.21703,1.0,0.84167,0.64722
0.61055,1.22142,1.0,0.84167,0.64722
0.61064,1.22471,1.0,0.84167,0.64722
0.60902,1.22837,1.0,0.84167,0.64722
0.60928,1.22538,1.0,0.84167,0.64722
0.60934,1.22296,1.0,0.84167,0.64722
0.60988,1.22102,1.0,0.84167,0.64722
0.61005,1.22148,1.0,0.84167,0.64722
0.61019,1.22187,1.0,0.84167,0.64722
0.60932,1.22315,1.0,0.84167,0.64722
0.60899,1.22424,1.0,0.84167,0.64722
0.60869,1.22521,1.0,0.84167,0.64722
0.6093,1.22439,1.0,0.84167,0.64722
0.60927,1.22417,1.0,0.84167,0.64722
0.60918,1.22399,1.0,0.84167,0.64722
0.60938,1.22394,1.0,0.84167,0.64722
0.60894,1.22366,1.0,0.84167,0.64722
0.6086,1.2234,1.0,0.84167,0.64722
0.6096,1.22388,1.0,0.84167,0.64722
0.60946,1.22532,1.0,0.84167,0.64722
0.60938,1.22666,1.0,0.84167,0.64722
0.61062,1.2282,1.0,0.84167,0.64722
0.6106,1.22846,1.0,0.84167,0.64722
0.61047,1.22869,1.0,0.84167,0.64722
0.61036,1.22891,1.0,0.84167,0.64722
0.61026,1.23108,1.0,0.84167,0.64722
0.61051,1.23241,1.0,0.84167,0.64722
0.61081,1.23368,1.0,0.84167,0.64722
0.61108,1.23487,1.0,0.84167,0.64722
0.6112,1.23614,1.0,0.84167,0.64722
0.61345,1.26497,0.0,0.84167,0.64722
0.60577,1.27588,0.0,0.84167,0.64722
0.61478,1.27781,0.0,0.84167,0.64722
0.61646,1.27869,1.0,0.84167,0.64722
0.61747,1.27922,1.0,0.84167,0.64722
0.60317,1.28304,1.0,0.84167,0.64722
0.5877,1.28534,1.0,0.84167,0.64722
0.57612,1.28715,1.0,0.84167,0.64722
0.56743,1.28678,1.0,0.84167,0.64722
0.56235,1.2875,1.0,0.84167,0.64722
0.5578,1.28402,1.0,0.84167,0.64722
0.55395,1.28111,1.0,0.84167,0.64722
0.54961,1.28193,1.0,0.84167,0.64722
0.54434,1.28049,1.0,0.84167,0.64722
0.53982,1.27923,1.0,0.84167,0.64722
0.51103,1.27909,0.0,0.84167,0.64722
0.50882,1.26877,0.0,0.84167,0.64722
0.50831,1.26566,0.0,0.84167,0.64722
0.50638,1.26351,1.0,0.84167,0.64722
0.49709,1.26334,1.0,0.84167,0.64722
0.49093,1.26312,1.0,0.84167,0.64722
0.48657,1.26391,1.0,0.84167,0.64722
0.48225,1.26194,1.0,0.84167,0.64722
0.47889,1.26041,1.0,0.84167,0.64722
0.47972,1.25976,1.0,0.84167,0.64722
0.4812,1.25909,1.0,0.84167,0.64722
0.48243,1.25853,1.0,0.84167,0.64722
0.48347,1.25838,1.0,0.84167,0.64722
0.48462,1.25838,1.0,0.84167,0.64722
0.48563,1.25838,1.0,0.84167,0.64722
0.48639,1.25735,1.0,0.84167,0.64722
0.48719,1.25602,1.0,0.84167,0.64722
0.48788,1.25484,1.0,0.84167,0.64722
0.48712,1.25304,1.0,0.84167,0.64722
0.48562,1.25194,1.0,0.84167,0.64722
0.48426,1.25095,1.0,0.84167,0.64722
0.48456,1.25051,1.0,0.84167,0.64722
0.48468,1.25045,1.0,0.84167,0.64722
0.4848,1.25039,1.0,0.84167,0.64722
0.48499,1.2508,1.0,0.84167,0.64722
0.48456,1.25052,1.0,0.84167,0.64722
0.48416,1.25026,1.0,0.84167,0.64722
0.4837,1.25028,1.0,0.84167,0.64722
0.48408,1.24933,1.0,0.84167,0.64722
0.48444,1.24844,1.0,0.84167,0.64722
0.48446,1.24755,1.0,0.84167,0.64722
0.48419,1.24762,1.0,0.84167,0.64722
0.48394,1.24768,1.0,0.84167,0.64722
0.48348,1.24758,1.0,0.84167,0.64722
0.48286,1.24691,1.0,0.84167,0.64722
0.48227,1.24627,1.0,0.84167,0.64722
0.48226,1.24583,1.0,0.84167,0.64722
0.48181,1.24512,1.0,0.84167,0.64722
0.48139,1.24444,1.0,0.84167,0.64722
0.48161,1.24411,1.0,0.84167,0.64722
0.48158,1.24355,1.0,0.84167,0.64722
0.48155,1.24302,1.0,0.84167,0.64722
0.48168,1.24324,1.0,0.84167,0.64722
0.48167,1.24309,1.0,0.84167,0.64722
0.48167,1.24294,1.0,0.84167,0.64722
0.48144,1.24336,1.0,0.84167,0.64722
0.48117,1.24289,1.0,0.84167,0.64722
0.4809,1.24244,1.0,0.84167,0.64722
0.48021,1.24122,1.0,0.84167,0.64722
0.47978,1.24109,1.0,0.84167,0.64722
0.47933,1.24093,1.0,0.84167,0.64722
0.47852,1.24078,1.0,0.84167,0.64722
0.47899,1.24031,1.0,0.84167,0.64722
0.47945,1.23986,1.0,0.84167,0.64722
0.47986,1.23919,1.0,0.84167,0.64722
0.48032,1.23925,1.0,0.84167,0.64722
0.48079,1.2393,1.0,0.84167,0.64722
0.48073,1.23876,1.0,0.84167,0.64722
0.48146,1.23872,1.0,0.84167,0.64722
0.48219,1.23868,1.0,0.84167,0.64722
0.49379,1.15689,0.0,0.84167,0.64722
0.49379,1.15689,0.0,0.84167,0.64722
0.49379,1.15689,0.0,0.84167,0.64722
0.0,0.0,0.0,0.84167,0.64722
0.0,0.0,0.0,0.84167,0.64722
0.0,0.0,0.0,0.84167,0.64722
0.0,0.0,0.0,0.84167,0.64722
0.0,0.0,0.0,0.84167,0.64722
0.0,0.0,0.0,0.84167,0.64722
0.0,0.0,0.0,0.84167,0.64722
0.0,0.0,0.0,0.84167,0.64722
0.0,0.0,0.0,0.84167,0.64722
0.0,0.0,0.0,0.84167,0.64722
0.0,0.0,0.0,0.84167,0.64722
0.0,0.0,0.0,0.84167,0.64722
0.0,0.0,0.0,0.84167,0.64722
0.0,0.0,0.0,0.84167,0.64722
0.0,0.0,0.0,0.84167,0.64722
0.0,0.0,0.0,0.84167,0.64722
0.0,0.0,0.0,0.84115,0.64722
0.0,0.0,0.0,0.84115,0.64722
0.0,0.0,0.0,0.84062,0.64722
0.0,0.0,0.0,0.84062,0.64722
0.0,0.0,0.0,0.8401,0.64722
0.0,0.0,0.0,0.8401,0.64722
0.0,0.0,0.0,0.8401,0.64722
0.0,0.0,0.0,0.8401,0.6463
0.0,0.0,0.0,0.8401,0.6463
0.0,0.0,0.0,0.8401,0.6463
0.0,0.0,0.0,0.83958,0.6463
0.0,0.0,0.0,0.83958,0.6463
0.0,0.0,0.0,0.83958,0.6463
0.0,0.0,0.0,0.83958,0.6463
0.0,0.0,0.0,0.83958,0.64444
0.0,0.0,0.0,0.83958,0.64444
0.0,0.0,0.0,0.83958,0.64444
0.0,0.0,0.0,0.83958,0.64259
0.0,0.0,0.0,0.83958,0.64259
0.0,0.0,0.0,0.83958,0.64167
0.0,0.0,0.0,0.83958,0.64167
0.0,0.0,0.0,0.83906,0.63981
0.0,0.0,0.0,0.83906,0.63981
0.0,0.0,0.0,0.83906,0.63796
0.0,0.0,0.0,0.83906,0.63796
0.0,0.0,0.0,0.83906,0.63704
0.0,0.0,0.0,0.83906,0.63704
0.0,0.0,0.0,0.83906,0.63704
0.0,0.0,0.0,0.83906,0.63704
0.0,0.0,0.0,0.83906,0.63704
0.0,0.0,0.0,0.83906,0.63704
0.0,0.0,0.0,0.83906,0.63704
0.0,0.0,0.0,0.83906,0.63796
0.0,0.0,0.0,0.83906,0.63796
0.0,0.0,0.0,0.83906,0.63889
0.0,0.0,0.0,0.83906,0.63889
0.0,0.0,0.0,0.83906,0.63889
0.0,0.0,0.0,0.83906,0.63889
0.0,0.0,0.0,0.83906,0.63889
0.0,0.0,0.0,0.83906,0.63889
0.0,0.0,0.0,0.83906,0.63889
0.0,0.0,0.0,0.83906,0.63889
0.0,0.0,0.0,0.83906,0.63611
0.0,0.0,0.0,0.83906,0.63611
0.0,0.0,0.0,0.83906,0.63611
0.0,0.0,0.0,0.83906,0.63611
0.0,0.0,0.0,0.83906,0.63611
0.0,0.0,0.0,0.83854,0.63611
0.0,0.0,0.0,0.83854,0.63611
0.0,0.0,0.0,0.83802,0.63519
0.0,0.0,0.0,0.83802,0.63519
0.0,0.0,0.0,0.83698,0.63426
0.0,0.0,0.0,0.83698,0.63426
0.0,0.0,0.0,0.83698,0.63426
0.0,0.0,0.0,0.83646,0.63241
0.0,0.0,0.0,0.83646,0.63241
0.0,0.0,0.0,0.83542,0.63241
0.0,0.0,0.0,0.83542,0.63241
0.0,0.0,0.0,0.83438,0.63148
0.0,0.0,0.0,0.83438,0.63148
0.0,0.0,0.0,0.83333,0.6287
0.0,0.0,0.0,0.83333,0.6287
